Name,Province,Climate ID,Station ID,WMO ID,TC ID,Latitude (Decimal Degrees),Longitude (Decimal Degrees),Latitude,Longitude,Elevation (m),First Year,Last Year,HLY First Year,HLY Last Year,DLY First Year,DLY Last Year,MLY First Year,MLY Last Year
DISCOVERY ISLAND,BRITISH COLUMBIA,1012475,27226,71031.0,WDR,48.42,-123.23,482528590,-1231332519,18.93,1997,2024,1997.0,2024.0,1997.0,2024.0,1998.0,2005.0
ESQUIMALT HARBOUR,BRITISH COLUMBIA,1012710,52,71798.0,WPF,48.43,-123.44,482555100,-1232621600,3.0,1957,2024,1994.0,2024.0,1957.0,2024.0,1957.0,2005.0
KELP REEFS,BRITISH COLUMBIA,1013998,10853,,WZO,48.55,-123.24,483251700,-1231413320,,1997,2024,1997.0,2024.0,2018.0,2024.0,,
MALAHAT,BRITISH COLUMBIA,1014820,65,71774.0,WKH,48.57,-123.53,483429700,-1233147700,365.8,1920,2024,1994.0,2024.0,1920.0,2024.0,1920.0,2005.0
NORTH COWICHAN,BRITISH COLUMBIA,1015630,46728,71927.0,VOO,48.82,-123.72,484927010,-1234308009,44.8,2007,2024,2007.0,2024.0,2007.0,2024.0,,
RACE ROCKS,BRITISH COLUMBIA,1016640,10943,71778.0,WQK,48.3,-123.53,481752743,-1233153186,7.4,1994,2024,1994.0,2024.0,1995.0,2024.0,,
SAANICHTON CFIA,BRITISH COLUMBIA,1016943,54641,73028.0,VSA,48.62,-123.42,483718000,-1232508000,61.0,2020,2024,2020.0,2024.0,2020.0,2024.0,,
SATURNA CAPMON CS,BRITISH COLUMBIA,1017099,6810,71914.0,VTS,48.78,-123.13,484630080,-1230741080,178.0,1991,2024,2006.0,2024.0,1991.0,2024.0,1991.0,2007.0
SATURNA ISLAND CS,BRITISH COLUMBIA,1017101,96,71473.0,WEZ,48.78,-123.04,484702067,-1230241082,24.4,1980,2024,1994.0,2024.0,1980.0,2024.0,1980.0,2007.0
SHERINGHAM POINT,BRITISH COLUMBIA,1017254,6811,71780.0,WSP,48.38,-123.92,482236100,-1235515700,6.9,1992,2024,1994.0,2024.0,1992.0,2024.0,1992.0,2007.0
TRIAL ISLAND,BRITISH COLUMBIA,1018238,27290,71034.0,WIN,48.4,-123.3,482342200,-1231817670,23.0,1997,1998,1997.0,1998.0,1998.0,1998.0,,
VICTORIA UNIVERSITY CS,BRITISH COLUMBIA,1018598,6812,71783.0,WYJ,48.46,-123.3,482725200,-1231816600,60.1,1992,2024,1994.0,2024.0,1992.0,2024.0,1992.0,2007.0
VICTORIA GONZALES HTS,BRITISH COLUMBIA,1018610,113,,WLM,48.41,-123.33,482447061,-1231930017,69.5,1898,2004,1953.0,2000.0,1898.0,2004.0,1898.0,2004.0
VICTORIA GONZALES CS,BRITISH COLUMBIA,1018611,114,71200.0,WLM,48.41,-123.32,482447896,-1231929192,61.04,1972,2024,1994.0,2024.0,1973.0,2024.0,1972.0,2007.0
VICTORIA HARBOUR A,BRITISH COLUMBIA,1018615,10944,,YWH,48.42,-123.39,482522000,-1232315000,,1994,2015,1994.0,2015.0,,,,
VICTORIA HARBOUR A,BRITISH COLUMBIA,1018619,53478,,YWH,48.42,-123.39,482522000,-1232315000,,2015,2024,2015.0,2024.0,,,,
VICTORIA INT'L A,BRITISH COLUMBIA,1018620,118,71799.0,YYJ,48.65,-123.43,483850010,-1232533000,19.51,1940,2013,1953.0,2013.0,1940.0,2013.0,1940.0,2013.0
VICTORIA INTL A,BRITISH COLUMBIA,1018621,51337,71799.0,YYJ,48.65,-123.43,483850000,-1232533000,19.5,2013,2024,2013.0,2024.0,2013.0,2024.0,,
VICTORIA HARBOUR A,BRITISH COLUMBIA,1018633,53479,,YWH,48.42,-123.39,482522000,-1232315000,,2015,2024,2015.0,2024.0,2018.0,2024.0,,
BALLENAS ISLAND,BRITISH COLUMBIA,1020590,138,71769.0,WGB,49.35,-124.16,492101000,-1240937000,14.51,1966,2024,1994.0,2024.0,1966.0,2024.0,1967.0,2007.0
NANAIMO HARBOUR,BRITISH COLUMBIA,1021052,26822,,WNA,49.17,-123.93,491000000,-1235600000,5.0,1994,1995,1994.0,1995.0,,,,
CAMPBELL RIVER A,BRITISH COLUMBIA,1021261,145,,YBL,49.95,-125.27,495707000,-1251623000,108.8,1965,2024,1979.0,2013.0,1965.0,2024.0,1965.0,2007.0
CAMPBELL RIVER A,BRITISH COLUMBIA,1021267,51317,,YBL,49.95,-125.27,495707000,-1251623000,108.8,2013,2024,2013.0,2024.0,,,,
CAMPBELL RIVER A,BRITISH COLUMBIA,1021270,52979,,YBL,49.95,-125.27,495707000,-1251623000,108.8,2014,2024,2014.0,2024.0,2018.0,2024.0,,
CAPE MUDGE,BRITISH COLUMBIA,1021330,152,,WAD,50.0,-125.2,495954500,-1251143700,4.6,1978,2024,1994.0,2001.0,1978.0,2024.0,1978.0,2007.0
CAPE MUDGE CS,BRITISH COLUMBIA,1021332,27382,,WYA,50.0,-125.2,500000000,-1251200000,4.0,1998,1998,1998.0,1998.0,,,,
CHATHAM POINT,BRITISH COLUMBIA,1021480,153,,WFM,50.33,-125.45,501959500,-1252644000,22.9,1958,2024,1994.0,2001.0,1958.0,2024.0,1958.0,2007.0
CHROME ISLAND,BRITISH COLUMBIA,1021616,27289,,WOG,49.47,-124.68,492800000,-1244100000,11.3,1997,1998,1997.0,1998.0,1998.0,1998.0,,
COMOX A,BRITISH COLUMBIA,1021830,155,71893.0,YQQ,49.72,-124.9,494300000,-1245400000,25.6,1944,2024,1953.0,2024.0,1944.0,2024.0,1944.0,2017.0
ENTRANCE ISLAND,BRITISH COLUMBIA,1022689,29411,71772.0,WEL,49.21,-123.81,491231195,-1234838001,7.6,1992,2024,1994.0,2024.0,1992.0,2024.0,1992.0,2006.0
FANNY ISLAND,BRITISH COLUMBIA,1022795,29733,71568.0,XFA,50.45,-125.99,502712663,-1255934425,5.2,2000,2024,2000.0,2024.0,2000.0,2024.0,2000.0,2007.0
MT WASHINGTON,BRITISH COLUMBIA,1025230,46567,,VOJ,49.75,-125.29,494448100,-1251713900,1473.5,2007,2010,2007.0,2010.0,2007.0,2010.0,,
NANAIMO A,BRITISH COLUMBIA,1025365,52941,,YCD,49.05,-123.87,490316000,-1235212000,28.0,2014,2024,2014.0,2024.0,2018.0,2024.0,,
NANAIMO A,BRITISH COLUMBIA,1025369,51318,,YCD,49.05,-123.87,490316000,-1235212000,28.0,2013,2024,2013.0,2024.0,2016.0,2022.0,,
NANAIMO A,BRITISH COLUMBIA,1025370,192,,YCD,49.05,-123.87,490316000,-1235212000,28.04,1947,2016,1954.0,2013.0,1947.0,2016.0,1947.0,2007.0
NANOOSE BAY AUTO,BRITISH COLUMBIA,1025376,52058,,VNB,49.27,-124.15,491558030,-1240905070,5.0,2014,2015,2014.0,2015.0,,,,
PINE ISLAND,BRITISH COLUMBIA,1026170,200,,WPI,50.98,-127.73,505833010,-1274341040,28.0,1984,2024,1994.0,2001.0,1984.0,2024.0,1984.0,2007.0
PORT HARDY A,BRITISH COLUMBIA,1026270,202,71109.0,YZT,50.68,-127.37,504049000,-1272158000,21.6,1944,2013,1953.0,2013.0,1944.0,2013.0,1944.0,2013.0
PORT HARDY A,BRITISH COLUMBIA,1026271,51319,71109.0,YZT,50.68,-127.37,504050000,-1272200000,21.6,2013,2024,2013.0,2024.0,2013.0,2024.0,,
PORT HARDY AIRPORT,BRITISH COLUMBIA,1026273,54602,73014.0,VHD,50.68,-127.38,504104048,-1272237001,21.6,2023,2024,2023.0,2024.0,2023.0,2024.0,,
QUALICUM BEACH AIRPORT,BRITISH COLUMBIA,1026562,45627,71766.0,VOQ,49.34,-124.39,492014000,-1242338000,58.2,2006,2024,2006.0,2024.0,2006.0,2024.0,2006.0,2006.0
SISTERS ISLAND,BRITISH COLUMBIA,1027403,6813,71781.0,WGT,49.49,-124.43,492911800,-1242605800,20.0,1992,2024,1995.0,2024.0,1992.0,2024.0,1992.0,2004.0
AMPHITRITE POINT,BRITISH COLUMBIA,1030426,227,,WAN,48.92,-125.54,485516007,-1253228003,26.5,1980,2010,1980.0,2001.0,1980.0,2010.0,1980.0,1999.0
CAPE SCOTT,BRITISH COLUMBIA,1031353,237,,WES,50.78,-128.43,504656040,-1282538020,71.6,1965,2024,1966.0,2001.0,1965.0,2024.0,1965.0,2007.0
ESTEVAN POINT CS,BRITISH COLUMBIA,1032731,8040,71894.0,WEB,49.38,-126.54,492259914,-1263235193,5.8,1993,2024,1994.0,2024.0,1993.0,2024.0,1997.0,2007.0
HOLBERG CCR,BRITISH COLUMBIA,1033481,10998,71562.0,WXH,50.63,-128.12,503800000,-1280700000,568.0,1994,2010,1994.0,2001.0,2010.0,2010.0,,
NOOTKA LIGHTSTATION,BRITISH COLUMBIA,1035614,261,,WCV,49.6,-126.62,493600000,-1263700000,15.8,1978,2024,1994.0,2001.0,1978.0,2024.0,1978.0,2007.0
PORT ALBERNI A,BRITISH COLUMBIA,1036206,264,,,49.25,-124.83,491500000,-1245000000,2.4,1969,1996,1969.0,1995.0,1969.0,1996.0,1969.0,1996.0
QUATSINO LIGHTSTATION,BRITISH COLUMBIA,1036572,272,,WIF,50.44,-128.03,502628000,-1280157000,21.0,1978,2024,1994.0,2001.0,1978.0,2024.0,1978.0,2007.0
PORT ALBERNI (AUT),BRITISH COLUMBIA,1036B06,8045,71475.0,WQC,49.32,-124.93,491859700,-1245536600,76.2,1992,2024,1994.0,2024.0,1992.0,2024.0,2002.0,2007.0
SARTINE ISLAND (AUT),BRITISH COLUMBIA,1037090,8261,71478.0,WFG,50.82,-128.91,504916000,-1285429000,103.45,1994,2024,1994.0,2024.0,1994.0,2024.0,2005.0,2007.0
SOLANDER ISLAND (AUT),BRITISH COLUMBIA,1037553,8260,71479.0,WRU,50.11,-127.94,500641436,-1275623999,94.2,1994,2024,1994.0,2024.0,1994.0,2024.0,2007.0,2007.0
TOFINO A,BRITISH COLUMBIA,1038204,52198,,YAZ,49.08,-125.77,490456000,-1254621000,24.4,2014,2024,2014.0,2024.0,,,,
TOFINO A,BRITISH COLUMBIA,1038205,277,,YAZ,49.08,-125.77,490456000,-1254621020,24.45,1942,2023,1960.0,2014.0,1942.0,2023.0,1942.0,2007.0
TOFINO A,BRITISH COLUMBIA,1038210,52960,,YAZ,49.08,-125.77,490456000,-1254621000,24.4,2014,2024,2014.0,2024.0,2018.0,2024.0,,
NITINAT LAKE (AUT),BRITISH COLUMBIA,103EFJ0,10184,,WAC,48.67,-124.83,484000000,-1245000000,36.4,1992,2001,1994.0,2001.0,1992.0,2001.0,,
GRIEF POINT,BRITISH COLUMBIA,1043304,27449,,WKA,49.8,-124.53,494816600,-1243130800,10.0,1997,2024,1997.0,2024.0,2018.0,2024.0,,
MERRY ISLAND LIGHTSTATION,BRITISH COLUMBIA,1045100,320,,WMR,49.47,-123.91,492803030,-1235445040,7.2,1954,2024,1954.0,2001.0,1957.0,2024.0,1957.0,2007.0
MERRY ISLAND,BRITISH COLUMBIA,1045101,27288,71210.0,WMY,49.47,-123.92,492800000,-1235500000,20.0,1997,1998,1997.0,1998.0,1998.0,1998.0,,
HOWE SOUND - PAM ROCKS,BRITISH COLUMBIA,10459NN,6817,71211.0,WAS,49.49,-123.3,492916009,-1231758030,7.14,1991,2024,1994.0,2024.0,1991.0,2024.0,1991.0,2007.0
PORT MELLON,BRITISH COLUMBIA,1046332,45267,71605.0,VOM,49.53,-123.5,493134700,-1232946500,125.1,2006,2024,2006.0,2024.0,2006.0,2024.0,2006.0,2007.0
POWELL RIVER A,BRITISH COLUMBIA,1046391,327,,YPW,49.83,-124.5,495003010,-1243001000,129.51,1954,2024,1982.0,2013.0,1954.0,2024.0,1954.0,2007.0
POWELL RIVER,BRITISH COLUMBIA,1046392,45807,71720.0,VOP,49.83,-124.5,495004400,-1242948500,125.0,2007,2024,2007.0,2024.0,2007.0,2024.0,,
POWELL RIVER A,BRITISH COLUMBIA,1046395,51438,,YPW,49.83,-124.5,495003000,-1243001000,129.5,2013,2024,2013.0,2024.0,,,,
POWELL RIVER A,BRITISH COLUMBIA,1046396,52018,,YPW,49.83,-124.5,495003000,-1243001000,129.5,2013,2024,2013.0,2024.0,2018.0,2024.0,,
SECHELT AUT,BRITISH COLUMBIA,1047172,45788,71638.0,VOU,49.46,-123.72,492728788,-1234254945,86.2,2007,2024,2007.0,2024.0,2007.0,2024.0,,
SQUAMISH AIRPORT,BRITISH COLUMBIA,10476F0,336,71207.0,WSK,49.78,-123.16,494659550,-1230940300,53.7,1982,2024,1982.0,2024.0,1982.0,2024.0,1982.0,2007.0
SQUAMISH AIRPORT,BRITISH COLUMBIA,1047FF0,10816,,YSE,49.78,-123.16,494654000,-1230943000,52.1,2010,2010,2010.0,2010.0,2010.0,2010.0,,
TEXADA ISLAND A,BRITISH COLUMBIA,1048140,345,,,49.7,-124.52,494200000,-1243100000,96.9,1960,1993,,,1960.0,1993.0,1960.0,1993.0
WHISTLER,BRITISH COLUMBIA,1048898,348,,WAE,50.13,-122.95,500744001,-1225717400,657.8,1976,2024,1983.0,2014.0,1976.0,2024.0,1976.0,2007.0
WHISTLER A,BRITISH COLUMBIA,1048899,52178,,WAE,50.13,-122.95,500744000,-1225717000,657.8,2014,2024,2014.0,2024.0,,,,
CAPE ST JAMES,BRITISH COLUMBIA,1051351,10901,71107.0,WZV,51.94,-131.02,515609000,-1310057000,87.8,1992,2024,1993.0,2024.0,1992.0,2024.0,1994.0,2007.0
HOSKINS ISLET,BRITISH COLUMBIA,1053608,6818,,WZK,52.53,-131.55,523200000,-1313300000,8.0,1992,1995,1994.0,1995.0,1992.0,1995.0,1992.0,1994.0
KINDAKUN ROCKS (AUT),BRITISH COLUMBIA,1054222,8062,71472.0,WQS,53.32,-132.77,531856088,-1324619199,14.7,1994,2024,1994.0,2024.0,1994.0,2024.0,2005.0,2005.0
LANGARA,BRITISH COLUMBIA,1054500,358,71899.0,WLA,54.26,-133.06,541518648,-1330328799,42.69,1936,2024,1954.0,2001.0,1936.0,2024.0,1936.0,2007.0
LANGARA ISLAND RCS,BRITISH COLUMBIA,1054503,6819,71903.0,WJU,54.26,-133.06,541519397,-1330330557,46.9,1992,2024,1994.0,2024.0,1992.0,2024.0,1992.0,2007.0
MASSET AIRPORT,BRITISH COLUMBIA,1054920,360,,ZMT,54.02,-132.12,540121400,-1320702900,5.8,1897,2014,2005.0,2014.0,1897.0,2008.0,1897.0,2007.0
MASSET A,BRITISH COLUMBIA,1054921,52339,,ZMT,54.03,-132.13,540138000,-1320730000,5.8,2014,2024,2014.0,2024.0,,,,
MASSET A,BRITISH COLUMBIA,1054925,361,,,54.0,-132.17,540000000,-1321000000,12.8,1944,2016,,,1944.0,2016.0,1944.0,1949.0
MASSET A,BRITISH COLUMBIA,1054929,52940,,ZMT,54.03,-132.13,540138000,-1320730000,5.8,2014,2024,2014.0,2024.0,2018.0,2024.0,,
ROSE SPIT (AUT),BRITISH COLUMBIA,1056869,8064,71477.0,WRO,54.16,-131.66,540932904,-1313940773,6.6,1994,2024,1994.0,2024.0,1994.0,2024.0,2004.0,2005.0
SANDSPIT A,BRITISH COLUMBIA,1057050,367,,YZP,53.25,-131.81,531514000,-1314847000,6.4,1945,2017,1953.0,2005.0,1945.0,2017.0,1945.0,2007.0
SANDSPIT AIRPORT AUTO,BRITISH COLUMBIA,1057051,50108,71101.0,VZP,53.25,-131.81,531458002,-1314847257,6.5,2012,2024,2012.0,2024.0,2013.0,2024.0,,
SANDSPIT,BRITISH COLUMBIA,1057052,48648,71111.0,YZP,53.25,-131.81,531515000,-1314850000,6.4,2010,2024,2010.0,2024.0,2010.0,2024.0,,
SANDSPIT AWOS,BRITISH COLUMBIA,1057055,30955,,CZP,53.25,-131.81,531515000,-1314850000,6.4,1999,2013,1999.0,2013.0,2002.0,2013.0,2005.0,2006.0
SCUDDER POINT,BRITISH COLUMBIA,1057133,6821,,WZD,52.45,-131.23,522700000,-1311400000,5.0,1992,2009,1994.0,1997.0,1992.0,2009.0,1992.0,1996.0
ADDENBROKE ISLAND,BRITISH COLUMBIA,1060080,374,,WCZ,51.6,-127.86,513612700,-1275149900,21.3,1978,2024,1994.0,2001.0,1978.0,2024.0,1978.0,2007.0
BELLA BELLA A,BRITISH COLUMBIA,1060811,44766,,,52.19,-128.16,521106000,-1280924000,43.0,2006,2011,2007.0,2011.0,2006.0,2011.0,2006.0,2007.0
BELLA BELLA,BRITISH COLUMBIA,1060815,49388,71582.0,BBC,52.19,-128.16,521106000,-1280924000,43.0,2011,2024,2011.0,2024.0,2011.0,2024.0,,
BELLA COOLA A,BRITISH COLUMBIA,1060841,381,71206.0,YBD,52.39,-126.6,522315000,-1263545000,35.7,1983,2017,1983.0,2013.0,1983.0,2017.0,1983.0,2007.0
BELLA COOLA AIRPORT,BRITISH COLUMBIA,1060844,54338,71533.0,VBD,52.39,-126.59,522319000,-1263513000,36.89,2015,2024,2015.0,2024.0,2015.0,2024.0,,
BELLA COOLA A,BRITISH COLUMBIA,1060845,51419,,YBD,52.39,-126.6,522315000,-1263545000,35.7,2013,2024,2013.0,2024.0,,,,
BELLA COOLA A,BRITISH COLUMBIA,1060848,52978,,YBD,52.39,-126.6,522315000,-1263545000,35.7,2014,2024,2014.0,2024.0,2018.0,2024.0,,
BOAT BLUFF,BRITISH COLUMBIA,1060901,383,,WZM,52.64,-128.52,523835050,-1283126070,10.7,1974,2024,1994.0,2001.0,1974.0,2024.0,1974.0,2007.0
BONILLA ISLAND,BRITISH COLUMBIA,1060902,384,,WVB,53.49,-130.64,532933900,-1303815700,16.2,1960,2024,1994.0,2001.0,1960.0,2024.0,1960.0,2007.0
BONILLA ISLAND (AUT),BRITISH COLUMBIA,1060R0K,8265,71484.0,WWL,53.49,-130.64,532934259,-1303820400,12.52,1994,2024,1994.0,2024.0,1994.0,2024.0,2002.0,2007.0
CATHEDRAL POINT (AUT),BRITISH COLUMBIA,1061458,8264,71482.0,WME,52.19,-127.47,521114830,-1272816180,26.4,1994,2024,1994.0,2024.0,1994.0,2024.0,2002.0,2007.0
CUMSHEWA ISLAND,BRITISH COLUMBIA,1062251,6822,71771.0,WZL,53.03,-131.6,530149476,-1313605599,12.57,1992,2024,1994.0,2024.0,1992.0,2024.0,1993.0,2007.0
DRYAD POINT,BRITISH COLUMBIA,1062544,387,,WAU,52.19,-128.11,521106002,-1280644008,3.5,1977,2024,1994.0,2001.0,1977.0,2024.0,1977.0,2007.0
EGG ISLAND,BRITISH COLUMBIA,1062646,389,,WEM,51.25,-127.84,511450000,-1275007300,14.0,1965,2024,1969.0,2001.0,1965.0,2024.0,1965.0,2007.0
GREEN ISLAND,BRITISH COLUMBIA,1063298,393,,WNJ,54.57,-130.71,543407020,-1304229020,11.9,1970,2024,1970.0,2001.0,1978.0,2024.0,1978.0,2007.0
GREY ISLET (AUT),BRITISH COLUMBIA,1063303,8258,71476.0,WEK,54.58,-130.7,543449152,-1304152080,9.5,1994,2024,1994.0,2024.0,1994.0,2024.0,2005.0,2007.0
HERBERT ISLAND (AUT),BRITISH COLUMBIA,1063461,8259,71485.0,WLP,50.94,-127.63,505623140,-1273755380,13.5,1994,2024,1994.0,2024.0,1994.0,2024.0,2005.0,2007.0
HOLLAND ROCK,BRITISH COLUMBIA,1063496,6823,71219.0,WHL,54.17,-130.36,541020042,-1302139060,5.5,1991,2024,1994.0,2024.0,1991.0,2024.0,1991.0,1997.0
IVORY ISLAND,BRITISH COLUMBIA,1063690,395,,WJG,52.27,-128.41,521611040,-1282424030,9.8,1948,2024,1994.0,2001.0,1948.0,2024.0,1948.0,2007.0
KITIMAT,BRITISH COLUMBIA,1064288,399,,WKI,54.05,-128.68,540300000,-1284100000,12.8,1979,1994,1994.0,1994.0,1979.0,1994.0,1979.0,1994.0
KITIMAT FOREST AVE,BRITISH COLUMBIA,1064324,54978,73007.0,VKC,54.05,-128.63,540313025,-1283801087,98.0,2020,2024,2020.0,2024.0,2020.0,2024.0,,
LUCY ISLAND LIGHTSTATION,BRITISH COLUMBIA,1064728,6824,71220.0,WLC,54.3,-130.61,541745312,-1303632400,2.0,1991,2024,1994.0,2024.0,1991.0,2024.0,1991.0,2000.0
MCINNES ISLAND,BRITISH COLUMBIA,1065010,409,71897.0,WMS,52.26,-128.72,521542000,-1284310000,25.9,1954,2024,1955.0,2001.0,1954.0,2024.0,1954.0,2007.0
PRINCE RUPERT A,BRITISH COLUMBIA,1066481,422,,,54.29,-130.44,541733000,-1302641000,35.4,1961,2006,1961.0,2005.0,1962.0,2006.0,1962.0,2006.0
PRINCE RUPERT,BRITISH COLUMBIA,1066482,48693,71022.0,YPR,54.29,-130.44,541710000,-1302641000,35.4,2010,2024,2010.0,2024.0,2010.0,2024.0,,
PRINCE RUPERT AWOS,BRITISH COLUMBIA,1066483,27991,71898.0,VPT,54.29,-130.44,541710000,-1302641000,35.4,2004,2012,2004.0,2012.0,2005.0,2012.0,2005.0,2007.0
STEWART A,BRITISH COLUMBIA,1067741,53422,,ZST,55.93,-129.98,555600000,-1295900000,7.3,2015,2024,2015.0,2024.0,,,,
STEWART A,BRITISH COLUMBIA,1067742,434,,ZST,55.94,-129.99,555610000,-1295906000,7.3,1974,2016,1974.0,2015.0,1974.0,2016.0,1975.0,2007.0
STEWART A,BRITISH COLUMBIA,1067748,53438,,ZST,55.93,-129.98,555600000,-1295900000,7.3,2015,2024,2015.0,2024.0,2018.0,2024.0,,
TERRACE A,BRITISH COLUMBIA,1068130,441,71951.0,YXT,54.47,-128.58,542759000,-1283439000,217.3,1953,2013,1955.0,2013.0,1953.0,2013.0,1953.0,2013.0
TERRACE SKEENA BRIDGE CS,BRITISH COLUMBIA,1068133,10750,,WSX,54.52,-128.57,543100000,-1283400000,210.0,1999,2002,1999.0,2002.0,,,,
TERRACE A,BRITISH COLUMBIA,1068134,51037,71951.0,YXT,54.47,-128.58,542807000,-1283442000,217.3,2013,2024,2013.0,2024.0,2013.0,2024.0,,
TRIPLE ISLAND,BRITISH COLUMBIA,1068250,446,,WTI,54.29,-130.88,541740800,-1305249100,20.7,1953,2024,1953.0,2001.0,1989.0,2024.0,1989.0,2007.0
HELMCKEN ISLAND,BRITISH COLUMBIA,106CDL0,9818,,WXM,50.4,-125.87,502400000,-1255200000,18.9,1994,2000,1994.0,2000.0,1994.0,2000.0,,
NANAKWA SHOALS,BRITISH COLUMBIA,106NLPJ,9817,46181.0,WCB,53.83,-128.83,535000000,-1284954000,,1986,1986,1986.0,1986.0,,,,
SMITHERS A,BRITISH COLUMBIA,1077498,50130,,YYD,54.83,-127.18,544931000,-1271058000,523.0,2012,2024,2012.0,2024.0,,,,
SMITHERS,BRITISH COLUMBIA,1077499,48628,71950.0,YYD,54.83,-127.18,544931000,-1271058000,523.0,2010,2024,2010.0,2024.0,2010.0,2024.0,,
SMITHERS A,BRITISH COLUMBIA,1077500,487,,YYD,54.82,-127.18,544929000,-1271058000,521.8,1942,2018,1953.0,2012.0,1942.0,2018.0,1942.0,2010.0
SMITHERS AIRPORT AUTO,BRITISH COLUMBIA,1077501,51658,71268.0,VYD,54.82,-127.19,544927000,-1271122000,517.6,2013,2024,2013.0,2024.0,2013.0,2024.0,,
BIG CREEK (AUT),BRITISH COLUMBIA,10808G0,10811,71760.0,WBG,51.26,-123.09,511537000,-1230533000,1670.0,1994,2011,1994.0,2003.0,1995.0,2011.0,,
NECHAKO RIVER (AUT),BRITISH COLUMBIA,1085415,10709,71763.0,WNX,53.68,-124.83,534100000,-1245000000,715.0,1994,2002,1994.0,2002.0,1995.0,2002.0,,
OOTSA LAKESKINS LAKE CLIMATE,BRITISH COLUMBIA,1085836,43963,71679.0,VSL,53.77,-126.0,534618800,-1255948190,861.0,2005,2024,2005.0,2024.0,2005.0,2024.0,2006.0,2007.0
PEMBERTON AIRPORT (WIND),BRITISH COLUMBIA,1086081,46747,,WPN,50.3,-122.74,501808000,-1224417000,203.0,2007,2024,2007.0,2024.0,2018.0,2024.0,,
PEMBERTON AIRPORT CS,BRITISH COLUMBIA,1086082,536,71777.0,WGP,50.31,-122.73,501820326,-1224402720,204.31,1984,2024,1988.0,2024.0,1984.0,2024.0,1984.0,2006.0
PEMBERTON AIRPORT CWS,BRITISH COLUMBIA,1086085,48308,,YPS,50.3,-122.74,501809000,-1224416000,204.3,2010,2010,2010.0,2010.0,2010.0,2010.0,,
PUNTZI MOUNTAIN (AUT),BRITISH COLUMBIA,1086558,8092,71050.0,WPU,52.11,-124.14,520652000,-1240808000,909.8,1993,2024,1994.0,2024.0,1993.0,2024.0,2005.0,2006.0
TATLAYOKO LAKE RCS,BRITISH COLUMBIA,1088015,30494,71028.0,XTL,51.67,-124.4,514028400,-1242411300,875.0,2000,2024,2000.0,2024.0,2000.0,2024.0,2004.0,2007.0
BURNS LAKE DECKER LAKE,BRITISH COLUMBIA,1091174,574,71952.0,WPZ,54.38,-125.96,542259400,-1255731200,713.2,1990,2024,1990.0,2024.0,1990.0,2024.0,1990.0,2006.0
DOG CREEK A,BRITISH COLUMBIA,1092490,579,,,51.63,-122.25,513800000,-1221500000,1027.2,1944,1960,,,1944.0,1960.0,1944.0,1960.0
FORT ST JAMES A,BRITISH COLUMBIA,1092972,589,,,54.42,-124.25,542500000,-1241500000,716.3,1979,1991,1979.0,1991.0,1979.0,1991.0,1979.0,1991.0
FORT ST JAMES AUTO,BRITISH COLUMBIA,1092975,51538,71933.0,VFS,54.46,-124.29,542719057,-1241708006,688.0,2013,2024,2013.0,2024.0,2013.0,2024.0,,
FORT ST JAMES GOLF CLUB,BRITISH COLUMBIA,1092977,55363,73047.0,VFJ,54.46,-124.29,542734038,-1241733007,712.0,2022,2024,2022.0,2024.0,2022.0,2024.0,,
PRINCE GEORGE,BRITISH COLUMBIA,1096439,48370,71896.0,YXS,53.88,-122.68,535303000,-1224039000,691.0,2009,2024,2009.0,2024.0,2009.0,2024.0,,
PRINCE GEORGE A,BRITISH COLUMBIA,1096450,631,71896.0,YXS,53.89,-122.68,535327000,-1224044000,691.3,1942,2009,1953.0,2009.0,1942.0,2009.0,1942.0,2009.0
PRINCE GEORGE AIRPORT AUTO,BRITISH COLUMBIA,1096453,48248,71302.0,VXS,53.89,-122.67,535320000,-1224019002,680.0,2009,2024,2009.0,2024.0,2009.0,2024.0,,
PRINCE GEORGE MASSEY AUTO,BRITISH COLUMBIA,1096454,50169,,VPX,53.9,-122.79,535359009,-1224727001,601.0,2012,2024,2012.0,2024.0,2018.0,2024.0,,
QUESNEL AUT,BRITISH COLUMBIA,1096601,639,,WQZ,53.03,-122.52,530200000,-1223100000,545.3,1990,1994,1994.0,1994.0,1990.0,1994.0,1990.0,1994.0
QUESNEL AWOS,BRITISH COLUMBIA,1096625,30967,71103.0,CQZ,53.03,-122.51,530134000,-1223036000,545.0,2005,2011,2005.0,2011.0,2005.0,2010.0,2005.0,2007.0
QUESNEL,BRITISH COLUMBIA,1096629,48688,71192.0,YQZ,53.03,-122.51,530134000,-1223037000,545.0,2010,2024,2010.0,2024.0,2010.0,2024.0,,
QUESNEL A,BRITISH COLUMBIA,1096630,640,,,53.03,-122.51,530134000,-1223036000,545.0,1946,2007,1953.0,2006.0,1946.0,2007.0,1946.0,2007.0
QUESNEL AIRPORT AUTO,BRITISH COLUMBIA,1096631,48108,71779.0,VQZ,53.03,-122.51,530136008,-1223023007,545.3,2009,2024,2009.0,2024.0,2009.0,2024.0,,
WILLIAMS LAKE A,BRITISH COLUMBIA,1098940,664,71104.0,YWL,52.18,-122.05,521059000,-1220315000,939.7,1960,2012,1961.0,2012.0,1960.0,2012.0,1961.0,2012.0
WILLIAMS LAKE A,BRITISH COLUMBIA,1098941,50820,71104.0,YWL,52.18,-122.05,521100000,-1220316000,939.7,2012,2024,2012.0,2024.0,2012.0,2024.0,,
HORSEFLY RIVER (AUT),BRITISH COLUMBIA,109CN9G,10891,,WFR,52.0,-121.0,520017000,-1210003000,846.0,1994,2001,1994.0,2001.0,1995.0,2001.0,,
CALLAGHAN VALLEY (SKI JUMP TOP),BRITISH COLUMBIA,1100001,45487,,VOW,50.14,-123.11,500815000,-1230636060,936.0,2006,2010,2006.0,2010.0,2006.0,2010.0,,
CYPRESS BOWL FREESTYLE,BRITISH COLUMBIA,1100004,45490,71004.0,VOZ,49.39,-123.21,492332400,-1231227270,969.1,2007,2010,2007.0,2010.0,2007.0,2010.0,,
ABBOTSFORD A,BRITISH COLUMBIA,1100030,702,71108.0,YXX,49.03,-122.36,490131000,-1222136000,59.13,1944,2012,1953.0,2012.0,1944.0,2012.0,1944.0,2012.0
ABBOTSFORD A,BRITISH COLUMBIA,1100031,50308,71108.0,YXX,49.03,-122.36,490131000,-1222136000,59.1,2011,2024,2011.0,2024.0,2012.0,2024.0,,
ABBOTSFORD A,BRITISH COLUMBIA,1100032,54238,,YXX,49.03,-122.36,490131000,-1222136000,59.1,2016,2024,2016.0,2024.0,2018.0,2024.0,,
AGASSIZ RCS,BRITISH COLUMBIA,1100119,706,71113.0,WZA,49.24,-121.76,491435000,-1214537000,19.3,1988,2024,1994.0,2024.0,1988.0,2024.0,1988.0,2006.0
WHISTLER - NESTERS,BRITISH COLUMBIA,1100875,43443,71687.0,VOC,50.13,-122.95,500744200,-1225716600,659.0,2005,2024,2005.0,2024.0,2005.0,2024.0,2005.0,2007.0
BLACKCOMB BASE SLIDING CENTER,BRITISH COLUMBIA,1100881,45787,71756.0,VOI,50.1,-122.94,500608900,-1225610900,937.0,2007,2018,2007.0,2018.0,2007.0,2018.0,,
BLACKCOMB BASE SLIDING CENTRE BOTTOM,BRITISH COLUMBIA,1100882,47807,,VON,50.11,-122.94,500621007,-1225632001,816.6,2008,2010,2008.0,2010.0,2008.0,2010.0,,
WHISTLER MOUNTAIN TIMING FLATS,BRITISH COLUMBIA,1100883,47867,,VOT,50.09,-122.98,500530000,-1225849300,804.9,2009,2010,2009.0,2010.0,2009.0,2010.0,,
VANCOUVER BOUNDARY BAY,BRITISH COLUMBIA,1100909,55458,,ZBB,49.07,-123.01,490424000,-1230030000,1.83,2023,2024,2023.0,2024.0,2023.0,2024.0,,
CALLAGHAN VALLEY,BRITISH COLUMBIA,1101300,43500,71688.0,VOD,50.14,-123.11,500838059,-1230638010,884.0,2005,2024,2005.0,2024.0,2005.0,2024.0,2005.0,2007.0
CALLAGHAN VALLEY(BIATHALON),BRITISH COLUMBIA,1101310,45707,,VOY,50.15,-123.12,500850002,-1230656002,870.0,2007,2010,2007.0,2010.0,2007.0,2010.0,,
CALLAGHAN VALLEY(SKI JUMP BOTTOM),BRITISH COLUMBIA,1101320,46967,,VOX,50.14,-123.11,500812600,-1230647300,860.0,2008,2010,2008.0,2010.0,2008.0,2010.0,,
CULTUS LAKE,BRITISH COLUMBIA,1102221,50368,,VCL,49.08,-121.98,490444000,-1215843000,45.7,2012,2024,2012.0,2024.0,2018.0,2024.0,,
CYPRESS BOWL NORTH,BRITISH COLUMBIA,1102255,44023,,VOE,49.4,-123.21,492407015,-1231227027,953.0,2005,2010,2005.0,2010.0,2005.0,2010.0,2005.0,2007.0
CYPRESS BOWL SOUTH,BRITISH COLUMBIA,1102256,44024,,VOG,49.38,-123.19,492243400,-1231138300,885.5,2005,2010,2005.0,2010.0,2005.0,2010.0,2005.0,2005.0
CYPRESS BOWL GRANDSTAND,BRITISH COLUMBIA,1102257,48488,,VWG,49.4,-123.21,492344006,-1231222008,968.0,2010,2010,2010.0,2010.0,2010.0,2010.0,,
DELTA BURNS BOG,BRITISH COLUMBIA,1102415,49088,71042.0,VBB,49.13,-123.0,490733053,-1230008085,3.11,2010,2024,2010.0,2024.0,2011.0,2024.0,,
LANGLEY REGIONAL,BRITISH COLUMBIA,1104570,55460,,YNJ,49.1,-122.63,490603000,-1223751000,10.36,2023,2024,2023.0,2024.0,2023.0,2024.0,,
RICHMOND OPERATIONS CENTRE,BRITISH COLUMBIA,1105210,48448,71112.0,VMO,49.18,-123.08,491054840,-1230441160,16.0,2010,2018,2010.0,2018.0,2010.0,2018.0,,
PITT MEADOWS A,BRITISH COLUMBIA,1106177,840,,YPK,49.22,-122.71,491258000,-1224246000,3.35,1959,1960,,,1959.0,1960.0,1959.0,1960.0
PITT MEADOWS CS,BRITISH COLUMBIA,1106178,6830,71775.0,WMM,49.21,-122.69,491229964,-1224124076,5.0,1993,2024,1994.0,2024.0,1993.0,2024.0,1993.0,2007.0
PITT MEADOWS,BRITISH COLUMBIA,110617P,55462,,YPK,49.22,-122.71,491258000,-1224248000,3.66,2023,2024,2023.0,2024.0,2023.0,2024.0,,
POINT ATKINSON,BRITISH COLUMBIA,1106200,844,71037.0,WSB,49.33,-123.26,491949300,-1231553000,14.0,1968,2024,1996.0,2024.0,1968.0,2024.0,1968.0,2001.0
SANDHEADS CS,BRITISH COLUMBIA,1107010,6831,71209.0,WVF,49.11,-123.3,490621225,-1231812123,11.0,1991,2024,1994.0,2024.0,1991.0,2024.0,1991.0,1999.0
TSAWWASSEN FERRY AUTO,BRITISH COLUMBIA,1108291,50228,,VTF,49.0,-123.13,490014080,-1230800040,7.3,2012,2024,2012.0,2024.0,2018.0,2024.0,,
VANCOUVER SEA ISLAND CCG,BRITISH COLUMBIA,1108380,51357,71608.0,VVR,49.18,-123.19,491057000,-1231114050,2.11,2013,2024,2013.0,2024.0,2013.0,2024.0,,
VANCOUVER INTL A,BRITISH COLUMBIA,1108395,51442,71892.0,YVR,49.19,-123.18,491141000,-1231102000,4.3,2013,2024,2013.0,2024.0,2013.0,2024.0,,
VANCOUVER HILLCREST,BRITISH COLUMBIA,1108433,48328,,VWC,49.23,-123.1,491400648,-1230600376,83.9,2009,2010,2009.0,2010.0,2009.0,2010.0,,
VANCOUVER HARBOUR CS,BRITISH COLUMBIA,1108446,888,71201.0,WHC,49.3,-123.12,491743270,-1230718730,2.5,1925,2024,1976.0,2024.0,1925.0,2024.0,1925.0,2007.0
VANCOUVER INT'L A,BRITISH COLUMBIA,1108447,889,,YVR,49.2,-123.18,491142000,-1231055000,4.3,1937,2013,1953.0,2013.0,1937.0,2013.0,1937.0,2013.0
WEST VANCOUVER AUT,BRITISH COLUMBIA,1108824,6833,71784.0,WWA,49.35,-123.19,492049350,-1231135910,170.21,1992,2024,1994.0,2024.0,1992.0,2024.0,1992.0,2007.0
WHITE ROCK CAMPBELL SCIENTIFIC,BRITISH COLUMBIA,1108910,925,71785.0,WWK,49.02,-122.78,490105000,-1224702000,13.0,1929,2024,1994.0,2024.0,1929.0,2024.0,1929.0,2007.0
WHISTLER MOUNTAIN HIGH LEVEL,BRITISH COLUMBIA,1108987,43660,,VOA,50.08,-122.95,500437034,-1225646050,1639.97,2005,2010,2005.0,2010.0,2005.0,2010.0,2005.0,2007.0
WHISTLER MOUNTAIN LOW LEVEL,BRITISH COLUMBIA,1108988,43680,,VOB,50.09,-122.98,500516053,-1225832031,933.13,2005,2010,2005.0,2010.0,2005.0,2010.0,2005.0,2007.0
WHISTLER MOUNTAIN HIGH LEVEL REMOTE WIND,BRITISH COLUMBIA,1108989,44463,,VOH,50.07,-122.95,500427030,-1225649000,1690.0,2005,2010,2005.0,2010.0,2005.0,2010.0,,
WHISTLER MOUNTAIN MID-STATION,BRITISH COLUMBIA,1108990,46307,,VOL,50.09,-122.96,500506000,-1225751000,1320.0,2007,2010,2007.0,2010.0,2007.0,2010.0,,
VANCOUVER HARBOUR,BRITISH COLUMBIA,110Q44V,55438,,YHC,49.29,-123.11,491740000,-1230641000,,2023,2024,2023.0,2024.0,2023.0,2024.0,,
HOPE,BRITISH COLUMBIA,1113539,945,71114.0,YHE,49.37,-121.48,492200000,-1212900000,39.0,1990,2005,1994.0,2005.0,1990.0,2005.0,1990.0,2004.0
HOPE A,BRITISH COLUMBIA,1113540,946,,,49.37,-121.5,492206000,-1212953000,39.0,1934,1995,1953.0,1995.0,1934.0,1995.0,1934.0,1995.0
HOPE (AUT),BRITISH COLUMBIA,1113541,8152,71114.0,ZHE,49.37,-121.5,492206000,-1212953000,39.0,2004,2012,2004.0,2012.0,2004.0,2012.0,2005.0,2007.0
HOPE A,BRITISH COLUMBIA,1113542,49588,71187.0,YHE,49.37,-121.5,492206000,-1212953000,39.0,2011,2024,2011.0,2024.0,2011.0,2024.0,,
HOPE AIRPORT,BRITISH COLUMBIA,1113543,50517,71114.0,VPE,49.37,-121.49,492211400,-1212936500,39.0,2012,2024,2012.0,2024.0,2012.0,2024.0,,
HOPE SLIDE,BRITISH COLUMBIA,1113581,951,,WKV,49.27,-121.23,491600000,-1211400000,685.0,1969,2024,1969.0,2014.0,1975.0,2024.0,1975.0,2007.0
HOPE SLIDE A,BRITISH COLUMBIA,1113582,52160,,WKV,49.28,-121.24,491630000,-1211411000,687.8,2014,2024,2014.0,2024.0,,,,
LILLOOET,BRITISH COLUMBIA,1114619,27388,71999.0,WKF,50.68,-121.93,504101420,-1215602945,239.5,1997,2024,1997.0,2024.0,1997.0,2024.0,1997.0,2005.0
LILLOOET A,BRITISH COLUMBIA,11146K0,954,,,50.67,-121.88,504000000,-1215300000,402.0,1984,1986,,,1984.0,1986.0,1984.0,1986.0
LYTTON A,BRITISH COLUMBIA,1114738,51598,71812.0,WLY,50.22,-121.58,501328000,-1213455000,224.9,2013,2024,2013.0,2024.0,2013.0,2024.0,,
LYTTON,BRITISH COLUMBIA,1114739,961,,WLY,50.22,-121.58,501328000,-1213455000,225.0,1990,2013,1994.0,2013.0,1990.0,2013.0,1990.0,2007.0
LYTTON RCS,BRITISH COLUMBIA,1114746,44927,71765.0,VLY,50.22,-121.58,501328000,-1213455000,225.0,2006,2024,2006.0,2024.0,2006.0,2024.0,2006.0,2006.0
KELOWNA,BRITISH COLUMBIA,1123939,48369,71203.0,YLW,49.96,-119.38,495726000,-1192240000,433.1,2009,2024,2009.0,2024.0,2009.0,2024.0,,
KELOWNA AWOS,BRITISH COLUMBIA,1123965,30954,,VLW,49.96,-119.38,495722000,-1192240000,429.5,2004,2010,2004.0,2009.0,2005.0,2010.0,2005.0,2007.0
KELOWNA A,BRITISH COLUMBIA,1123970,1001,71203.0,YLW,49.96,-119.38,495722000,-1192240000,429.5,1959,2005,1959.0,2005.0,1968.0,2005.0,1968.0,2005.0
KELOWNA UBCO,BRITISH COLUMBIA,1123996,51117,71644.0,VKU,49.94,-119.4,495626700,-1192400760,456.0,2012,2024,2012.0,2024.0,2013.0,2024.0,,
MERRITT,BRITISH COLUMBIA,1125073,49408,71557.0,VME,50.11,-120.78,500645007,-1204641000,591.0,2011,2024,2011.0,2024.0,2011.0,2024.0,,
OSOYOOS CS,BRITISH COLUMBIA,1125852,1041,71215.0,WYY,49.03,-119.44,490141850,-1192627570,282.9,1990,2024,1994.0,2024.0,1990.0,2024.0,1990.0,2006.0
PENTICTON A,BRITISH COLUMBIA,1126146,50269,71889.0,YYF,49.46,-119.6,492745000,-1193608000,344.4,2012,2024,2012.0,2024.0,2012.0,2024.0,,
PENTICTON A,BRITISH COLUMBIA,1126150,1053,71889.0,YYF,49.46,-119.6,492747000,-1193608000,344.42,1941,2012,1953.0,2012.0,1941.0,2012.0,1941.0,2012.0
PRINCETON A,BRITISH COLUMBIA,1126510,1056,,YDC,49.47,-120.51,492804000,-1203045000,701.65,1936,2024,1953.0,2013.0,1936.0,2024.0,1937.0,2007.0
PRINCETON A,BRITISH COLUMBIA,1126511,51439,,YDC,49.47,-120.51,492804000,-1203045000,701.6,2013,2024,2013.0,2024.0,,,,
PRINCETON A,BRITISH COLUMBIA,1126518,52958,,YDC,49.47,-120.51,492804000,-1203045000,701.6,2014,2024,2014.0,2024.0,2018.0,2024.0,,
VERNON AUTO,BRITISH COLUMBIA,1128582,46987,71115.0,WJV,50.22,-119.19,501323900,-1191136700,482.0,2005,2024,2007.0,2024.0,2005.0,2024.0,,
PRINCETON CS,BRITISH COLUMBIA,112FN0M,6834,71032.0,WPR,49.47,-120.51,492754000,-1203036000,696.5,1992,2024,1994.0,2024.0,1992.0,2024.0,1993.0,2006.0
SUMMERLAND CS,BRITISH COLUMBIA,112G8L1,979,71768.0,WUS,49.56,-119.65,493345200,-1193855300,454.2,1990,2024,1994.0,2024.0,1990.0,2024.0,1990.0,2006.0
GRAND FORKS A,BRITISH COLUMBIA,1133271,1085,,,49.03,-118.45,490200000,-1182700000,530.4,1936,1940,,,1936.0,1940.0,1936.0,1940.0
CASTLEGAR A,BRITISH COLUMBIA,1141455,1105,,YCG,49.3,-117.63,491747000,-1173757000,495.6,1954,2024,1954.0,2013.0,1965.0,2024.0,1966.0,2007.0
CASTLEGAR A,BRITISH COLUMBIA,1141456,51458,,YCG,49.3,-117.63,491746000,-1173757000,495.6,2013,2024,2013.0,2024.0,,,,
CASTLEGAR A,BRITISH COLUMBIA,1141460,52938,,YCG,49.3,-117.63,491746000,-1173757000,495.6,2014,2024,2014.0,2024.0,2018.0,2024.0,,
FAUQUIER,BRITISH COLUMBIA,1142820,1117,,WFS,49.87,-118.07,495219000,-1180403000,490.0,1913,2017,,,1913.0,2017.0,1913.0,2007.0
NAKUSP CS,BRITISH COLUMBIA,1145297,6840,71216.0,WNP,50.27,-117.82,501609930,-1174901540,512.1,1991,2024,1994.0,2024.0,1991.0,2024.0,1991.0,2006.0
NELSON CS,BRITISH COLUMBIA,1145M29,6839,71776.0,WNM,49.49,-117.31,492929000,-1171819000,534.9,1992,2024,1994.0,2024.0,1992.0,2024.0,1992.0,2006.0
WARFIELD RCS,BRITISH COLUMBIA,1148705,31067,71401.0,XWF,49.11,-117.74,490643000,-1174420000,566.9,2001,2024,2001.0,2024.0,2001.0,2024.0,2002.0,2007.0
CRESTON CAMPBELL SCIENTIFIC,BRITISH COLUMBIA,114B1F0,6838,71770.0,WJR,49.08,-116.5,490454082,-1163002449,640.7,1993,2024,1994.0,2024.0,1993.0,2024.0,1993.0,2006.0
CRANBROOK A,BRITISH COLUMBIA,1152100,1173,,,49.53,-115.77,493200000,-1154600000,918.4,1938,1968,,,1938.0,1968.0,1938.0,1968.0
CRANBROOK A,BRITISH COLUMBIA,1152102,1174,71880.0,YXC,49.61,-115.78,493644000,-1154655000,940.0,1968,2012,1968.0,2012.0,1968.0,2012.0,1968.0,2012.0
CRANBROOK A,BRITISH COLUMBIA,1152105,50818,71880.0,YXC,49.61,-115.78,493644000,-1154655000,940.0,2012,2024,2012.0,2024.0,2012.0,2024.0,,
CRANBROOK AIRPORT AUTO,BRITISH COLUMBIA,1152106,51818,71660.0,VXC,49.62,-115.79,493703428,-1154720576,926.69,2013,2024,2013.0,2024.0,2013.0,2024.0,,
KIMBERLEY A,BRITISH COLUMBIA,1154200,1192,,,49.73,-115.78,494400000,-1154700000,914.4,1943,1976,1953.0,1969.0,1943.0,1976.0,1943.0,1976.0
SPARWOOD CS,BRITISH COLUMBIA,1157631,6842,71782.0,WGW,49.75,-114.88,494442000,-1145302040,1136.7,1992,2024,1994.0,2024.0,1992.0,2024.0,1993.0,2006.0
SPARWOOD A,BRITISH COLUMBIA,1157632,52278,,WSW,49.75,-114.88,494443000,-1145258000,1137.7,2014,2024,2014.0,2024.0,,,,
SPARWOOD A,BRITISH COLUMBIA,1157635,52959,,WSW,49.83,-114.88,495000000,-1145300000,1158.2,2014,2024,2014.0,2024.0,2018.0,2024.0,,
ASHCROFT,BRITISH COLUMBIA,1160515,48708,71681.0,VAS,50.71,-121.28,504230005,-1211653001,327.0,2010,2024,2010.0,2024.0,2010.0,2024.0,,
BLUE RIVER A,BRITISH COLUMBIA,1160898,53423,,YCP,52.12,-119.29,520729000,-1191734000,690.4,2015,2024,2015.0,2024.0,,,,
BLUE RIVER A,BRITISH COLUMBIA,1160899,1237,,YCP,52.13,-119.29,520744500,-1191722300,690.4,1969,2024,1969.0,2015.0,1969.0,2024.0,1969.0,2007.0
BLUE RIVER A,BRITISH COLUMBIA,1160902,53424,,YCP,52.12,-119.29,520729000,-1191734000,690.4,2015,2024,2015.0,2024.0,2018.0,2024.0,,
BLUE RIVER CS,BRITISH COLUMBIA,1160H99,8214,71883.0,WSV,52.13,-119.29,520744400,-1191723700,682.8,1992,2024,1993.0,2024.0,1992.0,2024.0,1997.0,2006.0
CLEARWATER AUTO,BRITISH COLUMBIA,1161650,52398,71645.0,VCW,51.65,-120.08,513909300,-1200456400,438.0,2014,2024,2014.0,2024.0,2014.0,2024.0,,
CLINTON (AUT),BRITISH COLUMBIA,1161661,1255,,ZCL,51.14,-121.5,510841000,-1213017000,1056.7,1972,2018,1994.0,2018.0,1973.0,2015.0,1972.0,2007.0
CLINTON A,BRITISH COLUMBIA,1161662,51558,71717.0,YIN,51.27,-121.68,511559000,-1214105000,1126.2,2013,2024,2013.0,2024.0,2013.0,2024.0,,
CLINTON RCS,BRITISH COLUMBIA,1161663,53638,71474.0,NCN,51.14,-121.5,510840074,-1213017208,1059.0,2015,2024,2015.0,2024.0,2015.0,2024.0,,
KAMLOOPS A,BRITISH COLUMBIA,1163780,1275,71887.0,YKA,50.7,-120.44,504208000,-1202631000,345.3,1951,2013,1953.0,2013.0,1951.0,2013.0,1951.0,2013.0
KAMLOOPS A,BRITISH COLUMBIA,1163781,51423,71887.0,YKA,50.7,-120.45,504209000,-1202655000,345.3,2013,2024,2013.0,2024.0,2013.0,2024.0,,
KAMLOOPS AUT,BRITISH COLUMBIA,1163842,42203,71741.0,ZKA,50.7,-120.44,504208000,-1202631000,345.0,2006,2024,2006.0,2024.0,2006.0,2024.0,2006.0,2006.0
SALMON ARM A,BRITISH COLUMBIA,1166R45,1311,,,50.69,-119.23,504108008,-1191401009,527.3,1982,2017,,,1982.0,2017.0,1982.0,2007.0
SALMON ARM CS,BRITISH COLUMBIA,116FRMN,6843,71218.0,WSL,50.7,-119.29,504210800,-1191726440,350.5,1991,2024,1994.0,2024.0,1991.0,2024.0,1991.0,2006.0
GOLDEN A,BRITISH COLUMBIA,1173209,52439,,YGE,51.3,-116.98,511757000,-1165856000,784.9,2014,2024,2014.0,2024.0,,,,
GOLDEN A,BRITISH COLUMBIA,1173210,1364,71173.0,YGE,51.3,-116.98,511757000,-1165856000,784.9,1902,2024,1991.0,2014.0,1902.0,2024.0,1902.0,2007.0
GOLDEN A,BRITISH COLUMBIA,1173214,52980,,YGE,51.3,-116.98,511757000,-1165856000,784.9,2014,2024,2014.0,2024.0,2018.0,2024.0,,
GOLDEN AIRPORT,BRITISH COLUMBIA,1173220,54318,71905.0,VGE,51.3,-116.98,511800800,-1165903600,785.0,2015,2024,2015.0,2024.0,2015.0,2024.0,,
REVELSTOKE A,BRITISH COLUMBIA,1176745,49492,71685.0,YRV,50.97,-118.18,505800000,-1181100000,444.7,2011,2024,2011.0,2024.0,2011.0,2024.0,,
REVELSTOKE A,BRITISH COLUMBIA,1176749,1370,,ZRV,50.96,-118.18,505740000,-1181100000,444.7,1990,2014,1994.0,2014.0,1990.0,2013.0,1990.0,2007.0
REVELSTOKE AIRPORT RD,BRITISH COLUMBIA,1176751,1372,,,50.95,-118.17,505712000,-1180959000,450.0,1969,1999,1969.0,1999.0,1969.0,1999.0,1969.0,1999.0
REVELSTOKE AIRPORT AUTO,BRITISH COLUMBIA,1176755,49548,71882.0,VRA,50.96,-118.18,505729600,-1181034600,444.7,2011,2024,2011.0,2024.0,2012.0,2024.0,,
YOHO PARK,BRITISH COLUMBIA,11790J1,6844,71786.0,WYL,51.44,-116.34,512634400,-1162040400,1602.0,1992,2024,1994.0,2024.0,1992.0,2024.0,1993.0,2006.0
BEATTON RIVER A,BRITISH COLUMBIA,1180750,1395,,,57.38,-121.38,572300000,-1212300000,839.7,1944,1967,1953.0,1967.0,1944.0,1967.0,1944.0,1967.0
CHETWYND A,BRITISH COLUMBIA,1181507,51420,,YCQ,55.69,-121.63,554114000,-1213736000,609.3,2014,2024,2014.0,2024.0,,,,
CHETWYND A,BRITISH COLUMBIA,1181508,1400,,YCQ,55.69,-121.63,554114000,-1213736000,609.6,1982,2024,1982.0,2014.0,1982.0,2024.0,1982.0,2007.0
CHETWYND A,BRITISH COLUMBIA,1181513,52939,,YCQ,55.69,-121.63,554114000,-1213736000,609.3,2014,2024,2014.0,2024.0,2018.0,2024.0,,
DAWSON CREEK A,BRITISH COLUMBIA,1182285,1404,71471.0,YDQ,55.74,-120.18,554430000,-1201055000,654.7,1964,2009,1964.0,2009.0,1968.0,2009.0,1968.0,2006.0
DAWSON CREEK LWIS,BRITISH COLUMBIA,1182287,44789,,VDQ,55.74,-120.18,554430000,-1201055000,654.7,2006,2010,2006.0,2010.0,2006.0,2009.0,,
DAWSON CREEK A,BRITISH COLUMBIA,1182289,48208,71471.0,YDQ,55.74,-120.18,554432000,-1201059000,654.7,2009,2024,2009.0,2024.0,2009.0,2024.0,,
FORT ST JOHN A,BRITISH COLUMBIA,1183000,1413,71943.0,YXJ,56.24,-120.74,561417000,-1204425000,694.9,1942,2012,1953.0,2012.0,1942.0,2012.0,1942.0,2012.0
FORT ST. JOHN A,BRITISH COLUMBIA,1183001,50837,71943.0,YXJ,56.24,-120.74,561418000,-1204425000,694.9,2012,2024,2012.0,2024.0,2012.0,2024.0,,
FORT ST JOHN AIRPORT,BRITISH COLUMBIA,1183002,55198,73090.0,VSJ,56.25,-120.75,561451007,-1204459008,695.0,2021,2024,2021.0,2024.0,2021.0,2024.0,,
MACKENZIE A,BRITISH COLUMBIA,1184790,1423,,VMK,55.31,-123.14,551819000,-1230817000,690.1,1971,2015,1971.0,2015.0,1971.0,2013.0,1971.0,2007.0
MACKENZIE,BRITISH COLUMBIA,1184791,48870,71290.0,YZY,55.3,-123.13,551758000,-1230800000,690.1,2010,2024,2010.0,2024.0,2010.0,2024.0,,
MACKENZIE AIRPORT AUTO,BRITISH COLUMBIA,1184793,51517,71944.0,VZY,55.31,-123.14,551819041,-1230816088,694.0,2013,2024,2013.0,2024.0,2013.0,2024.0,,
PINK MOUNTAIN 3,BRITISH COLUMBIA,1186173,54818,,WNO,56.94,-122.72,565607000,-1224301000,960.12,2019,2024,2019.0,2024.0,2019.0,2024.0,,
SIKANNI CHIEF,BRITISH COLUMBIA,1187335,1440,,WKS,57.25,-122.72,571501008,-1224305001,937.0,1990,2016,1994.0,2014.0,1990.0,2016.0,1990.0,2007.0
SIKANNI CHIEF,BRITISH COLUMBIA,1187336,52078,,WKS,57.25,-122.72,571501000,-1224305000,937.0,2014,2018,2014.0,2018.0,,,,
DEASE LAKE,BRITISH COLUMBIA,1192340,1454,71958.0,WDL,58.43,-130.01,582542006,-1300038004,806.6,1944,2012,1953.0,2012.0,1944.0,2011.0,1944.0,2007.0
DEASE LAKE A,BRITISH COLUMBIA,1192341,49628,71686.0,YDL,58.42,-130.03,582520000,-1300153000,802.8,2011,2024,2011.0,2024.0,2011.0,2024.0,,
FORT NELSON A,BRITISH COLUMBIA,1192940,1455,71945.0,YYE,58.84,-122.6,585011000,-1223550000,381.9,1937,2012,1953.0,2012.0,1937.0,2012.0,1937.0,2012.0
FORT NELSON A,BRITISH COLUMBIA,1192946,50819,71945.0,YYE,58.84,-122.6,585011000,-1223549000,381.9,2012,2024,2012.0,2024.0,2012.0,2024.0,,
FORT NELSON,BRITISH COLUMBIA,1192948,54098,71594.0,VFN,58.84,-122.57,585029006,-1223427002,380.2,2015,2024,2015.0,2024.0,2015.0,2024.0,,
MUNCHO LAKE,BRITISH COLUMBIA,1195250,1470,71280.0,WWQ,58.93,-125.77,585548004,-1254600003,836.5,1970,2014,1994.0,2014.0,1970.0,2014.0,1970.0,2007.0
MUNCHO LAKE A,BRITISH COLUMBIA,1195251,52158,,WWQ,58.93,-125.77,585548000,-1254600000,836.5,2014,2024,2014.0,2024.0,,,,
TETSA RIVER A,BRITISH COLUMBIA,1195800,52159,,WTH,58.65,-124.24,583911000,-1241409000,810.0,2014,2024,2014.0,2024.0,,,,
TETSA RIVER,BRITISH COLUMBIA,1195J29,1464,,WTH,58.65,-124.24,583911056,-1241409052,810.0,1982,2017,1994.0,2014.0,1982.0,2017.0,1982.0,2007.0
SMITH RIVER A,BRITISH COLUMBIA,1197530,1473,,,59.9,-126.43,595400000,-1262600000,673.0,1944,1969,1953.0,1969.0,1944.0,1969.0,1944.0,1969.0
TOAD RIVER,BRITISH COLUMBIA,1198194,1475,,WBP,58.85,-125.23,585100000,-1251400000,731.5,1982,1995,,,1982.0,1995.0,1982.0,1995.0
DEASE LAKE (AUT),BRITISH COLUMBIA,119BLM0,6845,71222.0,WKX,58.43,-130.03,582533959,-1300130000,800.67,1993,2024,1994.0,2024.0,1993.0,2024.0,1993.0,2007.0
LOWER LIARD BRIDGE,BRITISH COLUMBIA,119M720,1449,,WBX,59.42,-126.1,592500000,-1260600000,434.6,1976,1998,,,1976.0,1998.0,1976.0,1998.0
BOB QUINN AGS,BRITISH COLUMBIA,1200R0J,1484,,BW4,56.97,-130.25,565800400,-1301500000,610.0,1977,1994,,,1977.0,1994.0,1977.0,1994.0
ISKUT RIVER (AUT),BRITISH COLUMBIA,120C6PK,10806,71762.0,WIO,56.73,-131.67,564400000,-1314000000,15.0,1994,2002,1994.0,2002.0,1995.0,2002.0,,
AISHIHIK A,YUKON TERRITORY,2100100,1515,,,61.65,-137.48,613900000,-1372900000,966.2,1943,1966,1953.0,1966.0,1943.0,1966.0,1943.0,1966.0
BEAVER CREEK A,YUKON TERRITORY,2100155,53179,,YXQ,62.41,-140.87,622437000,-1405208000,649.5,2014,2024,2014.0,2024.0,2018.0,2024.0,,
BEAVER CREEK A,YUKON TERRITORY,2100159,53178,,YXQ,62.41,-140.87,622437000,-1405208000,649.5,2014,2024,2014.0,2024.0,,,,
BEAVER CREEK A,YUKON TERRITORY,2100160,1518,,YXQ,62.41,-140.87,622437000,-1405203000,649.0,1968,2015,1968.0,2014.0,1968.0,2015.0,1968.0,2006.0
BURWASH,YUKON TERRITORY,2100179,10192,,WDB,61.37,-139.03,612200000,-1390200000,806.8,1993,2004,1994.0,2004.0,1993.0,2004.0,1999.0,2000.0
BURWASH A,YUKON TERRITORY,2100180,50270,,YDB,61.37,-139.04,612214000,-1390224000,806.2,2012,2024,2012.0,2024.0,,,,
BURWASH A,YUKON TERRITORY,2100181,49650,71001.0,YDB,61.37,-139.04,612214000,-1390224000,805.3,2011,2024,2011.0,2024.0,2011.0,2024.0,,
BURWASH A,YUKON TERRITORY,2100182,1525,,YDB,61.37,-139.05,612200000,-1390300000,806.2,1966,2015,1966.0,2012.0,1966.0,2015.0,1966.0,2007.0
BURWASH AIRPORT AUTO,YUKON TERRITORY,2100184,51718,71195.0,VBR,61.37,-139.02,612200000,-1390100000,807.0,2013,2024,2013.0,2024.0,2013.0,2024.0,,
BURWASH AWOS,YUKON TERRITORY,2100185,31087,,CBH,61.37,-139.03,612212030,-1390156042,805.3,2008,2011,2008.0,2011.0,,,,
CARMACKS CS,YUKON TERRITORY,2100301,27950,71039.0,XCK,62.12,-136.19,620654000,-1361131100,542.9,1999,2024,2000.0,2024.0,1999.0,2024.0,,
DAWSON CITY A,YUKON TERRITORY,2100401,51421,,YDA,64.04,-139.13,640232000,-1390749000,370.3,2013,2024,2013.0,2024.0,,,,
DAWSON A,YUKON TERRITORY,2100402,1535,,YDA,64.04,-139.13,640235000,-1390740000,370.33,1976,2015,1976.0,2013.0,1976.0,2015.0,1976.0,2007.0
DAWSON CITY A,YUKON TERRITORY,2100407,53022,,YDA,64.04,-139.13,640232000,-1390749000,370.3,2014,2024,2014.0,2024.0,2018.0,2024.0,,
FARO A,YUKON TERRITORY,2100517,1548,,ZFA,62.21,-133.37,621225000,-1332224000,716.3,1977,2015,1987.0,2013.0,1977.0,2015.0,1978.0,2007.0
FARO (AUT),YUKON TERRITORY,2100518,8964,71949.0,WUM,62.21,-133.38,621227000,-1332233000,716.6,1992,2024,1994.0,2024.0,1992.0,2024.0,2002.0,2007.0
FARO A,YUKON TERRITORY,2100519,51887,,ZFA,62.21,-133.37,621225000,-1332224000,716.3,2013,2024,2013.0,2024.0,,,,
FARO A,YUKON TERRITORY,2100527,53025,,ZFA,62.21,-133.37,621225000,-1332224000,716.3,2014,2024,2014.0,2024.0,2018.0,2024.0,,
HAINES JUNCTION,YUKON TERRITORY,2100630,1556,71505.0,WHT,60.77,-137.58,604621008,-1373449004,595.3,1944,2024,1960.0,2024.0,1944.0,2024.0,1944.0,2006.0
HERSCHEL ISLAND,YUKON TERRITORY,2100636,1560,71501.0,WJN,69.57,-138.91,693405500,-1385448200,1.2,1974,2024,1994.0,2024.0,1974.0,2024.0,1974.0,2007.0
IVVAVIK NAT. PARK,YUKON TERRITORY,2100660,26869,71978.0,WOI,69.16,-140.15,690952000,-1400900000,243.8,1995,2024,1995.0,2024.0,1995.0,2024.0,2004.0,2006.0
KOMAKUK BEACH,YUKON TERRITORY,2100682,10822,71046.0,WKM,69.61,-140.2,693643000,-1401149000,13.2,1994,2024,1994.0,2024.0,1994.0,2024.0,,
KOMAKUK BEACH A,YUKON TERRITORY,2100685,1568,71969.0,YAJ,69.58,-140.18,693500000,-1401100000,7.3,1958,1993,1973.0,1993.0,1958.0,1993.0,1958.0,1993.0
MACMILLAN PASS,YUKON TERRITORY,2100693,27339,71990.0,WNV,63.24,-130.04,631437026,-1300214028,1379.0,1998,2024,1998.0,2024.0,1998.0,2024.0,1998.0,2007.0
MARGARET LAKE,YUKON TERRITORY,2100697,27296,71977.0,WZR,68.8,-140.85,684802000,-1405051000,568.0,1997,2024,1997.0,2024.0,1997.0,2024.0,2004.0,2006.0
MAYO A,YUKON TERRITORY,2100700,1572,71965.0,YMA,63.62,-135.87,633700000,-1355200000,503.8,1924,2013,1953.0,2013.0,1924.0,2013.0,1925.0,2013.0
MAYO A,YUKON TERRITORY,2100701,51426,71965.0,YMA,63.62,-135.87,633659000,-1355206000,503.8,2013,2024,2013.0,2024.0,2013.0,2024.0,,
MAYO A,YUKON TERRITORY,2100702,54178,,YMA,63.62,-135.87,633700000,-1355208000,503.8,2016,2024,2016.0,2024.0,2018.0,2024.0,,
OLD CROW A,YUKON TERRITORY,2100800,1582,,YOC,67.57,-139.84,673414000,-1395021000,250.24,1951,2015,1975.0,2013.0,1951.0,2015.0,1951.0,2007.0
OLD CROW A,YUKON TERRITORY,2100801,51437,,YOC,67.57,-139.84,673412000,-1395024000,250.2,2013,2024,2013.0,2024.0,,,,
OLD CROW RCS,YUKON TERRITORY,2100805,26894,71044.0,ZOC,67.57,-139.84,673414000,-1395021000,251.2,1994,2024,1994.0,2024.0,1995.0,2024.0,2006.0,2007.0
OLD CROW A,YUKON TERRITORY,2100807,53023,,YOC,67.57,-139.84,673412000,-1395024000,250.2,2014,2024,2014.0,2024.0,2018.0,2024.0,,
PELLY RANCH FORT SELKIRK,YUKON TERRITORY,2100881,54601,73013.0,CPY,62.82,-137.37,624900000,-1372200000,454.2,2020,2024,2020.0,2024.0,2020.0,2024.0,,
ROCK RIVER,YUKON TERRITORY,2100935,8979,71506.0,WRR,66.98,-136.22,665852000,-1361305000,731.0,1994,2024,1994.0,2024.0,1995.0,2024.0,,
ROSS RIVER A,YUKON TERRITORY,2100940,1592,,,61.97,-132.43,615800000,-1322600000,705.3,1961,1994,1987.0,1994.0,1961.0,1994.0,1964.0,1994.0
SATAH RIVER,YUKON TERRITORY,2100946,26867,,WNO,66.87,-134.2,665200000,-1341200000,86.0,1995,2001,1995.0,2001.0,1995.0,2001.0,,
SHINGLE POINT A,YUKON TERRITORY,2100950,1596,71968.0,YUA,68.95,-137.22,685700000,-1371300000,49.4,1957,2023,1973.0,2023.0,1957.0,2023.0,1957.0,1993.0
DAWSON,YUKON TERRITORY,2100LRP,10194,71966.0,WON,64.06,-139.13,640339076,-1390736000,370.0,1995,2024,1995.0,2024.0,1995.0,2024.0,1999.0,2007.0
SNAG A,YUKON TERRITORY,2101000,1598,,,62.37,-140.4,622200000,-1402400000,586.7,1943,1966,1953.0,1966.0,1943.0,1966.0,1943.0,1966.0
TESLIN A,YUKON TERRITORY,2101100,1610,,YZW,60.17,-132.74,601026900,-1324409200,705.0,1943,2014,1953.0,2014.0,1943.0,2014.0,1943.0,2006.0
TESLIN A,YUKON TERRITORY,2101101,52321,,YZW,60.17,-132.74,601023000,-1324430000,705.0,2014,2024,2014.0,2024.0,,,,
TESLIN (AUT),YUKON TERRITORY,2101102,8985,71045.0,WZW,60.17,-132.73,601000000,-1324400000,705.0,1992,2024,1994.0,2024.0,1992.0,2024.0,2001.0,2007.0
TESLIN A,YUKON TERRITORY,2101106,53027,,YZW,60.17,-132.74,601023000,-1324430000,705.0,2014,2024,2014.0,2024.0,2018.0,2024.0,,
WATSON LAKE A,YUKON TERRITORY,2101200,1615,71953.0,YQH,60.12,-128.82,600659400,-1284920400,687.35,1938,2014,1953.0,2014.0,1938.0,2014.0,1938.0,2014.0
WATSON LAKE A,YUKON TERRITORY,2101201,53339,,YQH,60.12,-128.82,600659000,-1284921000,687.3,2014,2024,2014.0,2024.0,2018.0,2024.0,,
WATSON LAKE A,YUKON TERRITORY,2101202,54198,,YQH,60.12,-128.82,600659000,-1284921000,687.3,2016,2024,2016.0,2024.0,2018.0,2024.0,,
WATSON LAKE (AUT),YUKON TERRITORY,2101204,32293,71199.0,XQH,60.12,-128.83,600657020,-1284955020,683.3,2002,2024,2005.0,2024.0,2002.0,2024.0,,
WHITEHORSE A,YUKON TERRITORY,2101300,1617,71964.0,YXY,60.71,-135.07,604234200,-1350407800,706.2,1942,2012,1953.0,2012.0,1942.0,2012.0,1942.0,2007.0
WHITEHORSE A,YUKON TERRITORY,2101303,50842,71964.0,YXY,60.71,-135.07,604234000,-1350402000,706.2,2012,2024,2012.0,2024.0,2012.0,2024.0,,
WHITEHORSE AUTO,YUKON TERRITORY,2101310,48168,71773.0,VXY,60.73,-135.1,604359000,-1350552000,707.0,2009,2024,2009.0,2024.0,2009.0,2024.0,,
WHITEHORSE WSO,YUKON TERRITORY,2101415,26988,,WXY,60.73,-135.08,604400000,-1350500000,706.9,1996,1998,,,1996.0,1998.0,1996.0,1998.0
AKLAVIK A,NORTHWEST TERRITORIES,2200100,1623,,YKD,68.22,-135.01,681324000,-1350021000,6.4,1926,2014,1953.0,2014.0,1926.0,2014.0,1926.0,2007.0
AKLAVIK A,NORTHWEST TERRITORIES,2200101,51397,,YKD,68.22,-135.01,681324000,-1350020000,6.4,2014,2024,2014.0,2024.0,,,,
AKLAVIK A,NORTHWEST TERRITORIES,2200105,52962,,YKD,68.22,-135.01,681324000,-1350020000,6.4,2014,2024,2014.0,2024.0,2018.0,2024.0,,
CAPE PARRY A,NORTHWEST TERRITORIES,2200675,1633,71948.0,ZCP,70.17,-124.72,701000000,-1244300000,86.6,1956,2023,1956.0,2023.0,1957.0,2023.0,1957.0,2007.0
CLUT LAKE (AUT),NORTHWEST TERRITORIES,2200777,10896,,WCX,65.6,-117.77,653600000,-1174600000,185.0,1994,2010,1994.0,2005.0,1994.0,2010.0,1998.0,2000.0
COLVILLE LAKE,NORTHWEST TERRITORIES,2200824,10867,71055.0,WFX,67.02,-126.12,670117040,-1260723070,271.0,1994,2024,1994.0,2024.0,1995.0,2024.0,2004.0,2006.0
COLVILLE LAKE A,NORTHWEST TERRITORIES,2200827,52899,,YVL,67.02,-126.13,670116000,-1260743000,274.0,2014,2024,2014.0,2024.0,2018.0,2024.0,,
DELINE A,NORTHWEST TERRITORIES,2201020,52778,,YWJ,65.21,-123.44,651240000,-1232611000,214.3,2014,2024,2014.0,2024.0,,,,
DELINE CS,NORTHWEST TERRITORIES,2201022,27749,71503.0,XDE,65.21,-123.43,651231090,-1232600070,212.8,1999,2024,1999.0,2024.0,1999.0,2024.0,1999.0,2007.0
DELINE A,NORTHWEST TERRITORIES,2201023,52964,,YWJ,65.21,-123.44,651240000,-1232611000,214.3,2014,2024,2014.0,2024.0,2018.0,2024.0,,
DEADMEN VALLEY,NORTHWEST TERRITORIES,22010H0,31187,71021.0,XDK,61.26,-124.47,611524000,-1242806000,283.0,2001,2024,2001.0,2024.0,2001.0,2024.0,2001.0,2007.0
DELINE A,NORTHWEST TERRITORIES,22010KA,6850,,YWJ,65.21,-123.44,651240000,-1232611000,214.27,1991,2014,1991.0,2014.0,1991.0,2014.0,1991.0,2007.0
FORT GOOD HOPE A,NORTHWEST TERRITORIES,2201400,1644,,YGH,66.24,-128.65,661427000,-1283903000,81.38,1944,2015,1965.0,2015.0,1944.0,2015.0,1944.0,2007.0
FORT GOOD HOPE A,NORTHWEST TERRITORIES,2201401,52602,,YGH,66.24,-128.65,661426000,-1283851000,81.4,2015,2024,2015.0,2024.0,,,,
FORT GOOD HOPE A,NORTHWEST TERRITORIES,2201406,53580,,YGH,66.24,-128.65,661426000,-1283851000,81.4,2015,2024,2015.0,2024.0,2018.0,2024.0,,
FORT GOOD HOPE CS,NORTHWEST TERRITORIES,2201450,27549,71491.0,ZGH,66.24,-128.64,661432044,-1283839081,81.7,1998,2024,1998.0,2024.0,1998.0,2024.0,1998.0,2007.0
FORT LIARD A,NORTHWEST TERRITORIES,2201575,1646,,YJF,60.24,-123.47,601406000,-1232801000,215.8,1973,2014,1973.0,2014.0,1973.0,2014.0,1973.0,2007.0
FORT LIARD A,NORTHWEST TERRITORIES,2201576,52779,,YJF,60.24,-123.47,601408000,-1232812000,215.8,2014,2024,2014.0,2024.0,,,,
FORT LIARD,NORTHWEST TERRITORIES,2201579,10687,71497.0,WJL,60.23,-123.47,601400000,-1232800000,213.4,1994,2024,1994.0,2024.0,1996.0,2024.0,1996.0,2007.0
FORT LIARD A,NORTHWEST TERRITORIES,2201581,52965,,YJF,60.24,-123.47,601408000,-1232812000,215.8,2014,2024,2014.0,2024.0,2018.0,2024.0,,
FORT MCPHERSON A,NORTHWEST TERRITORIES,2201599,51882,,ZFM,67.41,-134.86,672425000,-1345135000,35.4,2014,2024,2014.0,2024.0,,,,
FORT MCPHERSON A,NORTHWEST TERRITORIES,2201601,1648,,ZFM,67.41,-134.86,672428000,-1345137000,35.4,1981,2014,1988.0,2014.0,1981.0,2014.0,1981.0,2007.0
FORT MCPHERSON A,NORTHWEST TERRITORIES,2201606,52963,,ZFM,67.41,-134.86,672425000,-1345135000,35.4,2014,2024,2014.0,2024.0,2018.0,2024.0,,
TULITA A,NORTHWEST TERRITORIES,2201700,1650,,ZFN,64.91,-125.57,645431000,-1253406000,100.3,1903,2014,1987.0,2014.0,1903.0,2014.0,1903.0,2007.0
TULITA A,NORTHWEST TERRITORIES,2201701,52798,,ZFN,64.91,-125.57,645435000,-1253410000,100.3,2014,2024,2014.0,2024.0,,,,
TULITA A,NORTHWEST TERRITORIES,2201705,52967,,ZFN,64.91,-125.57,645435000,-1253410000,100.3,2014,2024,2014.0,2024.0,2018.0,2024.0,,
FORT PROVIDENCE,NORTHWEST TERRITORIES,2201799,10902,71087.0,WID,61.32,-117.6,611901000,-1173607000,161.5,1994,2024,1994.0,2024.0,1994.0,2024.0,2006.0,2007.0
FORT RELIANCE (AUT),NORTHWEST TERRITORIES,2201903,8935,71160.0,WFZ,62.71,-109.17,624241000,-1091006000,167.6,1994,2024,1994.0,2024.0,1994.0,2024.0,1996.0,2007.0
FORT RESOLUTION A,NORTHWEST TERRITORIES,2202000,1654,,YFR,61.18,-113.69,611051000,-1134123000,160.3,1930,2014,1954.0,2014.0,1930.0,2014.0,1930.0,2007.0
FORT RESOLUTION A,NORTHWEST TERRITORIES,2202001,53324,,YFR,61.18,-113.69,611051000,-1134123000,160.6,2014,2024,2014.0,2024.0,,,,
FORT RESOLUTION A,NORTHWEST TERRITORIES,2202010,53322,,YFR,61.18,-113.69,611051000,-1134123000,160.6,2014,2024,2014.0,2024.0,2018.0,2024.0,,
FORT SIMPSON A,NORTHWEST TERRITORIES,2202101,1656,71946.0,YFS,61.76,-121.24,614537000,-1211412000,169.2,1963,2014,1963.0,2014.0,1963.0,2014.0,1963.0,2010.0
FORT SIMPSON CLIMATE,NORTHWEST TERRITORIES,2202102,41944,71365.0,ZFS,61.76,-121.24,614537000,-1211412000,168.0,2003,2024,2003.0,2024.0,2003.0,2024.0,2003.0,2007.0
FORT SIMPSON A,NORTHWEST TERRITORIES,2202103,52780,71946.0,YFS,61.76,-121.24,614537000,-1211412000,169.5,2014,2024,2014.0,2024.0,2014.0,2024.0,,
FORT SIMPSON A,NORTHWEST TERRITORIES,2202104,54159,,YFS,61.76,-121.24,614537000,-1211412000,169.5,2016,2024,2016.0,2024.0,2018.0,2024.0,,
FORT SIMPSON,NORTHWEST TERRITORIES,2202115,27609,,XFS,61.76,-121.24,614537000,-1211412000,169.2,1998,2010,1998.0,2000.0,1998.0,2010.0,1998.0,2000.0
FORT SMITH A,NORTHWEST TERRITORIES,2202200,1660,71934.0,YSM,60.02,-111.96,600113000,-1115743000,205.13,1943,2014,1953.0,2014.0,1943.0,2014.0,1943.0,2014.0
FORT SMITH A,NORTHWEST TERRITORIES,2202201,53119,71934.0,YSM,60.02,-111.96,600113000,-1115743000,205.1,2014,2024,2014.0,2024.0,2014.0,2024.0,,
FORT SMITH CLIMATE,NORTHWEST TERRITORIES,2202202,41884,71362.0,ZSM,60.03,-111.93,600134000,-1115546000,203.0,2003,2024,2003.0,2024.0,2003.0,2024.0,2003.0,2007.0
FORT SMITH A,NORTHWEST TERRITORIES,2202203,54218,,YSM,60.02,-111.96,600113000,-1115743000,205.1,2016,2024,2016.0,2024.0,2018.0,2024.0,,
HALDANE RIVER,NORTHWEST TERRITORIES,2202349,26868,,WNW,67.07,-121.1,670400000,-1210600000,242.5,1995,1999,1995.0,1999.0,1995.0,1999.0,1998.0,1998.0
HANBURY RIVER,NORTHWEST TERRITORIES,2202351,10897,71963.0,WQY,63.6,-105.13,633600000,-1050800000,317.4,1994,2024,1994.0,2024.0,1994.0,2024.0,1998.0,2007.0
HAY RIVER A,NORTHWEST TERRITORIES,2202400,1664,71935.0,YHY,60.84,-115.78,605023000,-1154658000,164.9,1943,2014,1953.0,2014.0,1943.0,2014.0,1943.0,2014.0
HAY RIVER A,NORTHWEST TERRITORIES,2202401,52600,71935.0,YHY,60.84,-115.78,605023000,-1154658000,164.9,2014,2024,2014.0,2024.0,2014.0,2024.0,,
HAY RIVER CLIMATE,NORTHWEST TERRITORIES,2202402,41885,71361.0,ZHY,60.84,-115.78,605020000,-1154636000,164.0,2003,2024,2003.0,2024.0,2003.0,2024.0,2003.0,2007.0
HAY RIVER A,NORTHWEST TERRITORIES,2202403,54140,,YHY,60.84,-115.78,605023000,-1154658000,164.9,2016,2024,2016.0,2024.0,2018.0,2024.0,,
INDIN RIVER,NORTHWEST TERRITORIES,2202552,10757,,WIE,64.39,-115.02,642320000,-1150116000,304.7,1994,2004,1994.0,2004.0,1994.0,2002.0,1996.0,2002.0
INNER WHALEBACKS,NORTHWEST TERRITORIES,2202560,10209,71162.0,WBJ,61.92,-113.73,615513030,-1134335040,165.2,1994,2024,1994.0,2024.0,1994.0,2024.0,1998.0,2007.0
INUVIK A,NORTHWEST TERRITORIES,2202570,1669,,YEV,68.3,-133.48,681815000,-1332858000,67.7,1957,2013,1958.0,2013.0,1957.0,2006.0,1957.0,2006.0
INUVIK A,NORTHWEST TERRITORIES,2202571,51477,,YEV,68.3,-133.48,681814000,-1332859000,67.7,2013,2024,2013.0,2024.0,2018.0,2024.0,,
INUVIK AWOS A,NORTHWEST TERRITORIES,2202575,31470,71957.0,YEV,68.3,-133.48,681800000,-1332900000,67.67,2006,2013,2008.0,2013.0,2006.0,2013.0,2006.0,2007.0
INUVIK CLIMATE,NORTHWEST TERRITORIES,2202578,41883,71364.0,ZEV,68.32,-133.52,681900000,-1333100000,103.0,2003,2024,2003.0,2024.0,2003.0,2024.0,2003.0,2007.0
JEAN MARIE,NORTHWEST TERRITORIES,2202640,27794,,XJM,61.35,-120.78,612100000,-1204700000,227.27,1999,2000,1999.0,2000.0,1999.0,2000.0,,
KEATS POINT,NORTHWEST TERRITORIES,2202663,10825,71058.0,WKP,69.67,-121.67,694022000,-1214021000,330.2,1998,2022,1998.0,2022.0,2001.0,2022.0,2006.0,2006.0
WHATI,NORTHWEST TERRITORIES,2202678,1674,71163.0,WMT,63.13,-117.24,630801070,-1171441050,271.3,1974,2024,1994.0,2024.0,1974.0,2024.0,1974.0,2007.0
LUTSELK'E A,NORTHWEST TERRITORIES,2202687,53510,,YLK,62.42,-110.68,622506000,-1104056000,178.6,2015,2024,2015.0,2024.0,,,,
LUTSELK'E A,NORTHWEST TERRITORIES,2202690,53508,,YLK,62.42,-110.68,622506000,-1104056000,178.6,2015,2024,2015.0,2024.0,2018.0,2024.0,,
NICHOLSON PENINSULA,NORTHWEST TERRITORIES,2202750,1679,,WRP,69.93,-128.97,695600000,-1285800000,88.7,1957,2010,1973.0,1993.0,1957.0,2010.0,1957.0,1993.0
NICHOLSON PENINSULA 2,NORTHWEST TERRITORIES,2202751,54758,73230.0,BAR,69.92,-128.97,695529000,-1285827000,87.9,2021,2023,2021.0,2023.0,2021.0,2023.0,,
NORMAN WELLS A,NORTHWEST TERRITORIES,2202800,1680,,,65.28,-126.8,651657000,-1264801000,72.54,1943,2012,1953.0,2012.0,1943.0,2012.0,1943.0,2012.0
NORMAN WELLS A,NORTHWEST TERRITORIES,2202801,50717,71043.0,YVQ,65.28,-126.8,651653000,-1264755000,72.5,2012,2024,2012.0,2024.0,2012.0,2024.0,,
NORMAN WELLS CLIMATE,NORTHWEST TERRITORIES,2202810,43004,71480.0,NVQ,65.29,-126.75,651715090,-1264512084,93.6,2003,2024,2003.0,2024.0,2004.0,2024.0,2005.0,2007.0
PAULATUK A,NORTHWEST TERRITORIES,2203055,53420,,YPC,69.36,-124.08,692138000,-1240433000,4.6,2015,2024,2015.0,2024.0,2018.0,2024.0,,
PAULATUK A,NORTHWEST TERRITORIES,2203056,53418,,YPC,69.36,-124.08,692138000,-1240433000,4.6,2015,2024,2015.0,2024.0,,,,
PAULATUK A,NORTHWEST TERRITORIES,2203057,1685,,YPC,69.36,-124.08,692140000,-1240431000,4.57,1985,2015,1987.0,2015.0,1985.0,2014.0,1985.0,2007.0
PAULATUK,NORTHWEST TERRITORIES,2203058,26986,71984.0,ZPK,69.36,-124.08,692128004,-1240457005,6.3,1994,2024,1994.0,2024.0,1994.0,2024.0,2000.0,2007.0
PELLY ISLAND,NORTHWEST TERRITORIES,2203095,10091,71502.0,WND,69.63,-135.44,693757000,-1352638000,17.0,1993,2024,1994.0,2024.0,1993.0,2024.0,2006.0,2006.0
POWDER LAKE,NORTHWEST TERRITORIES,2203315,10931,,WMP,61.97,-108.62,615800000,-1083700000,485.0,1994,2003,1994.0,2003.0,1994.0,2003.0,1996.0,2003.0
QAVVIK LAKE,NORTHWEST TERRITORIES,2203341,27889,71583.0,XQA,68.25,-122.1,681516000,-1220610000,548.0,1999,2011,2000.0,2011.0,1999.0,2011.0,2000.0,2007.0
RABBIT KETTLE,NORTHWEST TERRITORIES,2203342,26895,71980.0,WQF,61.96,-127.21,615747000,-1271233000,618.0,1995,2024,1995.0,2024.0,1995.0,2024.0,1998.0,2007.0
GAMETI,NORTHWEST TERRITORIES,2203359,10926,71165.0,WYH,64.11,-117.33,640642078,-1171940086,221.0,1994,2024,1994.0,2024.0,1994.0,2024.0,2005.0,2006.0
GAMETI AIRPORT,NORTHWEST TERRITORIES,2203361,27798,,YRA,64.12,-117.31,640700000,-1171834000,220.4,2000,2014,2000.0,2013.0,2000.0,2014.0,2000.0,2007.0
GAMETI A,NORTHWEST TERRITORIES,2203362,51886,,YRA,64.12,-117.31,640658000,-1171835000,220.7,2013,2024,2013.0,2024.0,,,,
GAMETI A,NORTHWEST TERRITORIES,2203365,52966,,YRA,64.12,-117.31,640658000,-1171835000,220.7,2014,2024,2014.0,2024.0,2018.0,2024.0,,
RAMPART RIVER,NORTHWEST TERRITORIES,2203390,26833,,WMU,65.95,-130.47,655700000,-1302800000,154.5,1994,2003,1994.0,2002.0,1994.0,2003.0,1996.0,2002.0
ST CHARLES CREEK,NORTHWEST TERRITORIES,2203656,26896,,WMV,64.78,-124.22,644700000,-1241300000,341.0,1995,2003,1995.0,2003.0,1995.0,2003.0,1998.0,2002.0
TUKTOYAKTUK A,NORTHWEST TERRITORIES,2203911,53582,,YUB,69.43,-133.03,692600000,-1330135000,4.3,2015,2024,2015.0,2024.0,2018.0,2024.0,,
TUKTOYAKTUK A,NORTHWEST TERRITORIES,2203912,1700,,YUB,69.43,-133.03,692600000,-1330135000,4.27,1970,2015,1970.0,2015.0,1970.0,2015.0,1970.0,2007.0
TUKTOYAKTUK A,NORTHWEST TERRITORIES,2203913,53581,,YUB,69.43,-133.03,692600000,-1330135000,4.3,2015,2024,2015.0,2024.0,,,,
TUKTOYAKTUK,NORTHWEST TERRITORIES,2203914,26987,71985.0,ZUB,69.43,-133.02,692600000,-1330100000,4.6,1994,2024,1994.0,2024.0,1995.0,2024.0,1999.0,2006.0
TUKTUT NOGAIT,NORTHWEST TERRITORIES,2203918,27626,71492.0,XTN,69.2,-122.36,691156000,-1222133000,551.6,1998,2024,1998.0,2024.0,1998.0,2024.0,1998.0,2007.0
VIRGINIA FALLS,NORTHWEST TERRITORIES,2203943,8947,,WFV,61.63,-125.8,613800000,-1254800000,609.6,1994,2009,1994.0,2004.0,1994.0,2009.0,1998.0,2002.0
WEKWEETI A,NORTHWEST TERRITORIES,2203980,50721,73125.0,YWE,64.19,-114.08,641127000,-1140436000,368.2,2012,2024,2012.0,2024.0,2018.0,2024.0,,
WRIGLEY A,NORTHWEST TERRITORIES,2204000,1705,,YWY,63.21,-123.44,631234000,-1232612000,149.7,1943,2015,1957.0,2015.0,1943.0,2015.0,1943.0,2007.0
WRIGLEY A,NORTHWEST TERRITORIES,2204001,53600,,YWY,63.21,-123.44,631235000,-1232612000,149.7,2015,2023,2015.0,2023.0,,,,
WRIGLEY A,NORTHWEST TERRITORIES,2204005,53601,,YWY,63.21,-123.44,631235000,-1232612000,149.7,2015,2024,2015.0,2024.0,2018.0,2024.0,,
YELLOWKNIFE A,NORTHWEST TERRITORIES,2204100,1706,71936.0,YZF,62.46,-114.44,622746000,-1142625000,205.7,1942,2013,1953.0,2013.0,1942.0,2013.0,1942.0,2007.0
YELLOWKNIFE A,NORTHWEST TERRITORIES,2204101,51058,71936.0,YZF,62.46,-114.44,622747000,-1142625000,205.7,2013,2024,2013.0,2024.0,2013.0,2024.0,,
YELLOWKNIFE AIRPORT,NORTHWEST TERRITORIES,2204108,55358,73044.0,NYE,62.47,-114.45,622828000,-1142657000,205.0,2022,2024,2022.0,2024.0,2022.0,2024.0,,
YOHIN,NORTHWEST TERRITORIES,2204300,1635,71020.0,XYH,61.24,-123.74,611431000,-1234430000,204.0,1957,2024,1973.0,2024.0,1957.0,2024.0,1957.0,2007.0
LIVERPOOL BAY,NORTHWEST TERRITORIES,220B68C,10823,71960.0,WLI,69.6,-130.91,693615000,-1305438000,101.9,1992,2023,1994.0,2023.0,1992.0,2023.0,2005.0,2007.0
LITTLE CHICAGO,NORTHWEST TERRITORIES,220B6Q3,10760,71164.0,WLG,67.18,-130.23,671045000,-1301341000,62.5,1993,2024,1994.0,2024.0,1993.0,2024.0,2005.0,2007.0
SAMBAA K'E,NORTHWEST TERRITORIES,220CQHR,10880,71166.0,WTE,60.44,-121.24,602627000,-1211420000,498.0,1994,2024,1994.0,2024.0,1994.0,2024.0,2006.0,2007.0
LUTSELK'E A,NORTHWEST TERRITORIES,220L001,27797,,YLK,62.42,-110.68,622507000,-1104056000,178.6,1999,2016,1999.0,2015.0,1999.0,2016.0,1999.0,2007.0
LUTSELK'E CS,NORTHWEST TERRITORIES,220L002,29451,71529.0,XLU,62.42,-110.69,622456030,-1104125070,178.9,1999,2017,1999.0,2017.0,2000.0,2017.0,2000.0,2007.0
GRAY LAKE,NORTHWEST TERRITORIES,220LBQK,10929,,WJP,61.92,-108.43,615500000,-1082600000,451.1,1994,2001,1994.0,2001.0,1994.0,2001.0,1996.0,2000.0
STORM HILLS,NORTHWEST TERRITORIES,220LQJJ,10824,71052.0,WVH,68.91,-133.94,685439000,-1335630000,261.4,1993,2024,1999.0,2024.0,1993.0,2024.0,2000.0,2000.0
EKATI A,NORTHWEST TERRITORIES,220N001,27240,,YOA,64.7,-110.61,644156000,-1103653000,468.2,1997,2016,1997.0,2016.0,1998.0,2016.0,1998.0,2007.0
LINDBERG LANDING,NORTHWEST TERRITORIES,220N003,27608,71682.0,XLL,61.13,-122.85,610730000,-1225104000,183.0,1998,2024,1998.0,2024.0,1998.0,2024.0,1998.0,2007.0
LOWER CARP LAKE,NORTHWEST TERRITORIES,220N004,27610,71680.0,XLC,63.6,-113.86,633610080,-1135145040,373.4,1992,2024,1992.0,2024.0,1998.0,2024.0,1998.0,2006.0
TRAIL VALLEY,NORTHWEST TERRITORIES,220N005,27620,71683.0,XTV,68.75,-133.5,684446800,-1333006400,85.0,1998,2024,1998.0,2024.0,1998.0,2024.0,2002.0,2006.0
ARVIAT AWOS,NUNAVUT,2300426,47427,,YEK,61.1,-94.07,610600000,-940400000,10.4,2008,2012,2008.0,2012.0,2008.0,2012.0,,
ARVIAT A,NUNAVUT,2300427,50557,71174.0,YEK,61.09,-94.07,610538000,-940418000,10.4,2006,2024,2006.0,2024.0,2012.0,2024.0,,
ARVIAT A,NUNAVUT,2300428,50718,,YEK,61.09,-94.07,610538000,-940418000,10.4,2012,2024,2012.0,2024.0,,,,
BAKER LAKE A,NUNAVUT,2300500,1709,71926.0,YBK,64.3,-96.08,641756000,-960440000,18.6,1946,2013,1953.0,2013.0,1946.0,2013.0,1946.0,2013.0
BAKER LAKE CLIMATE,NUNAVUT,2300501,42583,71356.0,XBL,64.32,-96.0,641900000,-960000000,50.8,2004,2024,2004.0,2024.0,2004.0,2024.0,2005.0,2007.0
BAKER LAKE A,NUNAVUT,2300503,51417,71926.0,YBK,64.3,-96.08,641756000,-960440000,18.6,2013,2024,2013.0,2024.0,2013.0,2024.0,,
BAKER LAKE A,NUNAVUT,2300504,54138,,YBK,64.3,-96.08,641756000,-960440000,18.6,2016,2024,2016.0,2024.0,2018.0,2024.0,,
BATHURST INLET,NUNAVUT,2300551,50657,71874.0,NBI,66.84,-108.01,665015050,-1080053030,5.0,2012,2024,2012.0,2024.0,2012.0,2024.0,,
BERNARD HARBOUR,NUNAVUT,2300556,54778,73231.0,PIN,68.76,-114.94,684519000,-1145623000,61.5,2021,2024,2021.0,2024.0,2021.0,2024.0,,
CHESTERFIELD INLET A,NUNAVUT,2300701,51998,,YCS,63.35,-90.73,632050000,-904352000,9.8,2013,2024,2013.0,2024.0,,,,
CHESTERFIELD INLET A,NUNAVUT,2300707,1712,,YCS,63.35,-90.73,632049000,-904352000,9.8,1985,2014,1985.0,2013.0,1985.0,2014.0,1985.0,2007.0
CHESTERFIELD INLET AIRPORT,NUNAVUT,2300708,55658,73101.0,NCS,63.34,-90.73,632041880,-904355019,12.38,2024,2024,2024.0,2024.0,2024.0,2024.0,,
CHESTERFIELD INLET A,NUNAVUT,2300710,52968,,YCS,63.35,-90.73,632050000,-904352000,9.8,2014,2024,2014.0,2024.0,2018.0,2024.0,,
CLINTON POINT,NUNAVUT,2300750,1637,71053.0,WXK,69.58,-120.8,693500000,-1204800000,100.6,1957,1993,1958.0,1993.0,1957.0,1993.0,1957.0,1993.0
KUGLUKTUK A,NUNAVUT,2300902,1641,71938.0,YCO,67.82,-115.14,674900000,-1150838000,22.6,1977,2014,1978.0,2014.0,1977.0,2014.0,1977.0,2014.0
KUGLUKTUK A,NUNAVUT,2300903,53335,71938.0,YCO,67.82,-115.14,674900000,-1150838000,22.6,2014,2024,2014.0,2024.0,2014.0,2024.0,,
KUGLUKTUK CLIMATE,NUNAVUT,2300904,43003,71332.0,NCO,67.82,-115.14,674902004,-1150807000,22.6,2004,2024,2005.0,2024.0,2004.0,2024.0,2005.0,2007.0
KUGLUKTUK A,NUNAVUT,2300905,54158,,YCO,67.82,-115.14,674900000,-1150838000,22.6,2016,2024,2016.0,2024.0,2018.0,2024.0,,
ARVIAT A,NUNAVUT,2300MKF,1708,,YEK,61.1,-94.07,610600000,-940400000,10.4,1973,2016,1984.0,2012.0,1973.0,2016.0,1973.0,2007.0
BACK RIVER (AUT),NUNAVUT,2300MQM,10723,,WXV,66.09,-96.51,660510014,-963039000,61.0,1994,2004,1994.0,2004.0,1995.0,2004.0,1999.0,2003.0
CORAL HARBOUR A,NUNAVUT,2301000,1713,71915.0,YZS,64.19,-83.36,641136000,-832134000,62.2,1933,2015,1953.0,2015.0,1933.0,2015.0,1933.0,2015.0
CORAL HARBOUR A,NUNAVUT,2301002,53421,71915.0,YZS,64.19,-83.36,641136000,-832134000,62.2,2015,2024,2015.0,2024.0,2015.0,2024.0,,
CORAL HARBOUR A,NUNAVUT,2301004,54220,,YZS,64.19,-83.36,641136000,-832134000,62.2,2016,2024,2016.0,2024.0,2018.0,2024.0,,
CORAL HARBOUR RCS,NUNAVUT,2301010,47347,71134.0,NZS,64.18,-83.35,641100000,-832100000,57.0,2014,2024,2014.0,2024.0,2014.0,2024.0,,
ELLICE RIVER (AUT),NUNAVUT,2301094,10895,,WEV,67.72,-104.47,674300000,-1042800000,42.0,1994,2007,1994.0,2003.0,1994.0,2007.0,2006.0,2006.0
ENNADAI LAKE (AUT),NUNAVUT,2301102,7341,71923.0,WJC,61.13,-100.88,610755000,-1005302000,353.1,1994,2024,1994.0,2024.0,1994.0,2024.0,1998.0,2007.0
ARVIAT CLIMATE,NUNAVUT,2301153,41576,71322.0,XAR,61.1,-94.07,610600000,-940400000,9.8,2004,2024,2004.0,2024.0,2004.0,2024.0,2005.0,2007.0
BROWN RIVER,NUNAVUT,2301331,10971,,WBR,66.03,-91.83,660200000,-915000000,150.0,1994,2004,1994.0,2001.0,1994.0,2004.0,1996.0,2001.0
GJOA HAVEN A,NUNAVUT,2302335,1715,,YHK,68.64,-95.85,683808000,-955101000,46.9,1984,2014,1984.0,2013.0,1984.0,2014.0,1984.0,2007.0
GJOA HAVEN A,NUNAVUT,2302336,51082,,YHK,68.64,-95.85,683808000,-955101000,46.9,2013,2024,2013.0,2024.0,,,,
GJOA HAVEN A,NUNAVUT,2302337,51079,71597.0,YHK,68.64,-95.85,683808000,-955101000,46.9,2013,2024,2013.0,2024.0,2013.0,2024.0,,
GJOA HAVEN AWOS A,NUNAVUT,2302338,31268,,YHK,68.64,-95.85,683808000,-955101000,46.94,2008,2013,2008.0,2013.0,,,,
GJOA HAVEN CLIMATE,NUNAVUT,2302340,41943,71363.0,ZHK,68.64,-95.85,683808000,-955101000,42.3,2003,2024,2003.0,2024.0,2003.0,2024.0,2003.0,2007.0
HAT ISLAND,NUNAVUT,2302370,1716,71084.0,WIL,68.32,-100.09,681905000,-1000513000,36.1,1959,2023,1994.0,2023.0,1959.0,2023.0,1959.0,2007.0
JENNY LIND ISLAND A,NUNAVUT,2302650,1717,71071.0,YUQ,68.65,-101.73,683900000,-1014400000,18.3,1957,1992,1973.0,1992.0,1957.0,1992.0,1957.0,1992.0
LADY FRANKLIN POINT A,NUNAVUT,2302680,1675,71937.0,YUJ,68.5,-113.22,683000000,-1131300000,15.9,1957,2000,1973.0,2000.0,1957.0,2000.0,1957.0,1993.0
LUPIN A,NUNAVUT,23026HN,1671,,YWO,65.76,-111.25,654533000,-1111500000,490.1,1982,2006,1982.0,2006.0,1982.0,2006.0,1982.0,2006.0
PELLY BAY,NUNAVUT,2303090,1718,,WKE,68.43,-89.72,682600000,-894300000,325.8,1955,1992,1955.0,1992.0,1957.0,1992.0,1957.0,1992.0
KUGAARUK A,NUNAVUT,2303091,53515,,YBB,68.54,-89.81,683209000,-894819000,15.5,2015,2024,2015.0,2024.0,,,,
KUGAARUK A,NUNAVUT,2303092,1719,,YBB,68.54,-89.8,683226000,-894750000,15.54,1984,2015,1984.0,2015.0,1984.0,2012.0,1984.0,2007.0
PELLY BAY,NUNAVUT,2303093,10847,71918.0,WRF,68.44,-89.73,682613000,-894333000,324.45,1994,2023,1994.0,2023.0,1994.0,2023.0,2005.0,2007.0
KUGAARUK CLIMATE,NUNAVUT,2303094,43006,71407.0,NBB,68.54,-89.8,683215060,-894747020,15.8,2004,2024,2004.0,2024.0,2004.0,2024.0,2007.0,2007.0
KUGAARUK A,NUNAVUT,2303095,53518,,YBB,68.54,-89.81,683209000,-894819000,15.5,2015,2024,2015.0,2024.0,2018.0,2024.0,,
RANKIN INLET A,NUNAVUT,2303401,1721,71083.0,YRT,62.82,-92.12,624900000,-920700000,32.31,1981,2013,1981.0,2013.0,1981.0,2013.0,1981.0,2013.0
RANKIN INLET A,NUNAVUT,2303405,51277,71083.0,YRT,62.81,-92.11,624838000,-920653000,32.3,2013,2024,2013.0,2024.0,2013.0,2024.0,,
ROBERTSON LAKE (AUT),NUNAVUT,2303610,7337,71490.0,WTD,65.1,-102.43,650559000,-1022546000,243.7,1992,2024,1992.0,2024.0,1994.0,2024.0,1998.0,2007.0
SANIKILUAQ A,NUNAVUT,2303660,53336,,YSK,56.54,-79.25,563213000,-791500000,33.5,2014,2024,2014.0,2024.0,2018.0,2024.0,,
SANIKILUAQ A,NUNAVUT,2303666,53337,,YSK,56.54,-79.25,563213000,-791500000,33.5,2014,2024,2014.0,2024.0,,,,
SANIKILUAQ A,NUNAVUT,2303667,8274,,YSK,56.54,-79.25,563209000,-791449000,33.53,1988,2014,1988.0,2014.0,,,,
SANIKILUAQ,NUNAVUT,2303668,52658,71643.0,NSQ,56.54,-79.26,563214460,-791537074,34.0,2014,2024,2014.0,2024.0,2014.0,2024.0,,
SHEPHERD BAY A,NUNAVUT,2303685,1723,71911.0,YUS,68.82,-93.43,684900000,-932600000,42.7,1957,2023,1973.0,2023.0,1957.0,2023.0,1957.0,2006.0
WHALE COVE A,NUNAVUT,2303986,1727,,YXN,62.24,-92.6,621424000,-923553000,12.19,1984,2014,1984.0,2013.0,1985.0,2014.0,1985.0,2007.0
WHALE COVE A,NUNAVUT,2303987,51443,,YXN,62.24,-92.6,621424000,-923553000,12.2,2013,2024,2013.0,2024.0,,,,
WHALE COVE A,NUNAVUT,2303990,52984,,YXN,62.24,-92.6,621424000,-923553000,12.2,2014,2024,2014.0,2024.0,2018.0,2024.0,,
YATHKYED LAKE (AUT),NUNAVUT,2304058,10803,,WJY,62.71,-98.29,624222000,-981718000,148.2,1993,2004,1993.0,2004.0,1993.0,2004.0,1998.0,2004.0
MALLOCH DOME (AUT),NUNAVUT,230BF86,7338,,WCN,78.22,-101.05,781300000,-1010300000,12.0,1981,1983,1981.0,1983.0,,,,
CROKER RIVER,NUNAVUT,230J01Q,10826,71059.0,WXR,69.28,-119.22,691632000,-1191308000,69.4,1993,2022,1994.0,2022.0,1993.0,2022.0,2005.0,2007.0
DUBAWNT LAKE (AUT),NUNAVUT,230J048,10802,,WJZ,63.23,-101.76,631336000,-1014544000,237.4,1993,2005,1994.0,2005.0,1993.0,2005.0,1998.0,2005.0
LUPIN CS,NUNAVUT,230N002,27376,71470.0,WIJ,65.76,-111.25,654519050,-1111445030,488.0,1997,2024,1997.0,2024.0,1997.0,2024.0,2004.0,2007.0
ALERT,NUNAVUT,2400300,1731,,WLT,82.52,-62.28,823104000,-621650000,30.48,1950,2006,1953.0,2006.0,1950.0,2006.0,1950.0,2006.0
ALERT A,NUNAVUT,2400302,7559,,YLT,82.52,-62.28,823100000,-621700000,30.5,1988,2024,1988.0,2024.0,,,,
ALERT BASE (AUT),NUNAVUT,2400304,7350,,WML,82.5,-62.37,823000000,-622200000,92.0,1983,1986,1983.0,1986.0,,,,
ALERT CLIMATE,NUNAVUT,2400305,42463,71355.0,ZLT,82.5,-62.33,823000000,-622000000,65.4,2004,2024,2004.0,2024.0,2004.0,2024.0,2005.0,2007.0
ARCTIC BAY,NUNAVUT,2400399,48973,,YAB,73.01,-85.05,730023000,-850250000,21.95,2011,2024,2011.0,2024.0,2018.0,2024.0,,
ARCTIC BAY A,NUNAVUT,2400401,50497,,YAB,73.01,-85.05,730023000,-850250000,21.9,2012,2024,2012.0,2024.0,,,,
ARCTIC BAY A,NUNAVUT,2400402,49328,,YAB,73.01,-85.05,730023000,-850250000,21.95,2011,2012,2011.0,2012.0,,,,
ARCTIC BAY CS,NUNAVUT,2400404,29517,71592.0,XAT,72.99,-85.01,725934000,-850044000,10.0,1999,2024,2000.0,2024.0,1999.0,2024.0,1999.0,2007.0
BLACK TOP RIDGE (AUT),NUNAVUT,2400559,7351,,WQN,80.0,-85.42,800000000,-852500000,619.0,1983,1986,1983.0,1986.0,,,,
BRAY ISLAND,NUNAVUT,2400561,54779,73232.0,FOX,69.22,-77.23,691326000,-771349000,15.2,2021,2023,2021.0,2023.0,2021.0,2023.0,,
BREVOORT ISLAND,NUNAVUT,2400565,1735,71097.0,WOB,63.34,-64.15,632023000,-640845000,376.0,1959,2023,1960.0,2023.0,1959.0,2023.0,1959.0,2007.0
BROUGHTON ISLAND,NUNAVUT,2400570,1736,71096.0,WVD,67.54,-63.79,673208000,-634720000,584.4,1956,2023,1956.0,2023.0,1957.0,2023.0,1957.0,2007.0
QIKIQTARJUAQ AWOS,NUNAVUT,2400571,47428,71338.0,YVM,67.55,-64.03,673245000,-640153000,5.5,2008,2013,2008.0,2013.0,2008.0,2013.0,,
QIKIQTARJUAQ A,NUNAVUT,2400572,8271,71338.0,YVM,67.55,-64.03,673245000,-640153000,5.5,1988,2016,1988.0,2013.0,1994.0,2016.0,1994.0,2007.0
QIKIQTARJUAQ CLIMATE,NUNAVUT,2400573,42803,71357.0,ZVM,67.55,-64.03,673250700,-640200400,6.4,2005,2024,2005.0,2024.0,2005.0,2024.0,2005.0,2007.0
QIKIQTARJUAQ A,NUNAVUT,2400576,51177,,YVM,67.55,-64.03,673248000,-640154000,4.9,2013,2024,2013.0,2024.0,,,,
QIKIQTARJUAQ A,NUNAVUT,2400577,51218,,YVM,67.55,-64.03,673248000,-640154000,5.5,2013,2024,2013.0,2024.0,2013.0,2024.0,,
BYRON BAY A,NUNAVUT,2400595,1785,71929.0,YUK,68.75,-109.07,684500000,-1090400000,92.1,1955,1994,1955.0,1994.0,1957.0,1993.0,1957.0,1993.0
CAMBRIDGE BAY A,NUNAVUT,2400600,1786,71925.0,YCB,69.11,-105.14,690629000,-1050818000,31.09,1929,2015,1953.0,2015.0,1929.0,2015.0,1929.0,2015.0
CAMBRIDGE BAY A,NUNAVUT,2400601,53512,71925.0,YCB,69.11,-105.14,690629000,-1050814000,31.1,2015,2024,2015.0,2024.0,2015.0,2024.0,,
CAMBRIDGE BAY GSN,NUNAVUT,2400602,32233,71288.0,XCM,69.11,-105.14,690629000,-1050818000,18.69,2002,2024,2002.0,2024.0,2002.0,2024.0,2002.0,2007.0
CAMBRIDGE BAY A,NUNAVUT,2400603,54139,,YCB,69.11,-105.14,690629000,-1050814000,31.1,2016,2024,2016.0,2024.0,2018.0,2024.0,,
KINNGAIT AIRPORT,NUNAVUT,2400633,50288,,YTE,64.23,-79.53,641349000,-793130000,48.2,2012,2024,2012.0,2024.0,,,,
CAPE DORSET AWOS,NUNAVUT,2400634,47447,71910.0,YTE,64.23,-76.53,641348000,-763136000,48.2,2008,2012,2008.0,2012.0,2008.0,2012.0,,
CAPE DORSET A,NUNAVUT,2400635,1738,71910.0,YTE,64.23,-76.53,641349000,-763130000,48.2,1963,2014,1970.0,2012.0,1963.0,2014.0,1963.0,2007.0
KINNGAIT,NUNAVUT,2400636,43163,71575.0,NCD,64.23,-76.53,641350700,-763149600,50.0,2005,2024,2005.0,2024.0,2005.0,2024.0,2005.0,2007.0
KINNGAIT AIRPORT,NUNAVUT,2400637,50328,71366.0,YTE,64.23,-76.53,641349000,-763130000,48.2,2012,2024,2012.0,2024.0,2012.0,2024.0,,
CAPE DYER,NUNAVUT,2400650,1739,71094.0,WFD,66.65,-61.38,663900000,-612300000,725.1,1955,2023,1955.0,2023.0,1958.0,2023.0,1958.0,1959.0
CAPE DYER A,NUNAVUT,2400654,1740,,,66.58,-61.62,663500000,-613700000,392.6,1959,1994,1959.0,1994.0,1959.0,1993.0,1959.0,1993.0
CAPE HOOPER,NUNAVUT,2400660,1742,71093.0,WUP,68.47,-66.8,682821000,-664755000,390.1,1956,2022,1956.0,2022.0,1957.0,2022.0,1957.0,2007.0
CAPE LIVERPOOL,NUNAVUT,2400675,51618,,NPL,73.67,-78.29,734005030,-781736070,2.0,2013,2024,2013.0,2024.0,2017.0,2024.0,,
CAPE PEEL WEST,NUNAVUT,2400697,10828,71064.0,WPX,69.04,-107.82,690209000,-1074923000,165.3,1993,2023,1994.0,2023.0,1993.0,2023.0,,
CLYDE A,NUNAVUT,2400800,1743,71090.0,YCY,70.49,-68.52,702910000,-683100000,26.5,1933,2013,1953.0,2013.0,1933.0,2008.0,1933.0,2007.0
CLYDE AWOS,NUNAVUT,2400801,47387,71090.0,YCY,70.49,-68.52,702910000,-683100000,26.5,2008,2013,2008.0,2013.0,2008.0,2013.0,,
CLYDE RIVER CLIMATE,NUNAVUT,2400802,42244,71358.0,ZCY,70.48,-68.52,702900000,-683100000,26.5,2004,2024,2004.0,2024.0,2004.0,2024.0,2005.0,2007.0
CLYDE RIVER A,NUNAVUT,2400803,51078,,YCY,70.49,-68.52,702909000,-683101000,26.5,2013,2024,2013.0,2024.0,,,,
CLYDE RIVER A,NUNAVUT,2400804,51077,71090.0,YCY,70.49,-68.52,702909000,-683101000,26.5,2013,2024,2013.0,2024.0,2013.0,2024.0,,
CAPE MERCY,NUNAVUT,2400F63,10839,71975.0,WYM,64.96,-63.58,645728000,-633440000,582.6,1994,2018,1994.0,2018.0,1994.0,2018.0,2005.0,2007.0
DEWAR LAKES,NUNAVUT,2401030,1746,71092.0,WUW,68.65,-71.17,683900000,-711000000,526.7,1956,2023,1956.0,2023.0,1958.0,2023.0,1958.0,2007.0
EUREKA CLIMATE,NUNAVUT,2401199,50737,71613.0,NEK,79.99,-85.93,795921000,-855602000,10.0,2013,2024,2013.0,2024.0,2015.0,2024.0,,
EUREKA A,NUNAVUT,2401200,1750,71917.0,WEU,79.98,-85.93,795900000,-855600000,10.4,1947,2016,1953.0,2016.0,1947.0,2016.0,1947.0,2016.0
EUREKA A,NUNAVUT,2401203,53598,71917.0,WEU,79.99,-85.81,795940000,-854843000,82.9,2016,2024,2016.0,2024.0,2016.0,2018.0,,
EUREKA A,NUNAVUT,2401208,53599,,WEU,79.99,-85.81,795940000,-854843000,82.9,2016,2024,2016.0,2024.0,2018.0,2024.0,,
FORT ROSS,NUNAVUT,2402051,50658,71629.0,NFR,72.02,-94.2,720104060,-941152020,10.0,2012,2024,2012.0,2024.0,2012.0,2024.0,,
GATESHEAD ISLAND,NUNAVUT,2402332,49828,71141.0,NGH,70.63,-100.27,703758000,-1001602000,20.0,2011,2024,2011.0,2024.0,2011.0,2024.0,,
GRISE FIORD A,NUNAVUT,2402338,53513,,WGZ,76.43,-82.91,762533000,-825429000,41.1,2015,2024,2015.0,2024.0,,,,
GLADMAN POINT A,NUNAVUT,2402340,1752,,,68.67,-97.8,684000000,-974800000,14.0,1955,1992,1955.0,1992.0,1957.0,1992.0,1957.0,1992.0
GRANT (AUT),NUNAVUT,2402343,7352,,WWM,82.5,-65.08,823000000,-650500000,1242.1,1983,1984,1983.0,1984.0,,,,
GRISE FIORD,NUNAVUT,2402346,1754,,WGZ,76.42,-82.9,762500000,-825400000,42.67,1984,2015,1984.0,2015.0,1984.0,2015.0,1984.0,2007.0
HALL BEACH A,NUNAVUT,2402350,1755,71081.0,YUX,68.78,-81.24,684633000,-811433000,9.1,1956,2014,1956.0,2012.0,1957.0,2014.0,1957.0,2007.0
GRISE FIORD CLIMATE,NUNAVUT,2402351,46568,71971.0,NGC,76.42,-82.9,762522040,-825408020,44.5,2007,2024,2007.0,2024.0,2007.0,2024.0,,
HALL BEACH AWOS,NUNAVUT,2402352,47467,71081.0,YUX,68.78,-81.24,684634000,-811437000,9.1,2008,2012,2008.0,2012.0,2008.0,2012.0,,
SANIRAJAK,NUNAVUT,2402353,42483,71320.0,XUX,68.78,-81.24,684634000,-811437000,8.2,2004,2024,2004.0,2024.0,2004.0,2024.0,2005.0,2007.0
SANIRAJAK AIRPORT,NUNAVUT,2402354,50498,71293.0,YUX,68.78,-81.24,684633000,-811433000,9.1,2012,2024,2012.0,2024.0,2012.0,2024.0,,
SANIRAJAK AIRPORT,NUNAVUT,2402356,50499,,YUX,68.78,-81.24,684633000,-811433000,9.1,2012,2024,2012.0,2024.0,,,,
GRISE FIORD A,NUNAVUT,2402360,53514,,WGZ,76.43,-82.91,762533000,-825429000,41.1,2015,2024,2015.0,2024.0,2018.0,2024.0,,
IDA (AUT),NUNAVUT,2402536,7353,,WGS,81.58,-69.38,813500000,-692300000,839.1,1983,1986,1983.0,1986.0,,,,
IGLOOLIK A,NUNAVUT,2402541,53334,,YGT,69.36,-81.82,692153000,-814859000,52.7,2015,2024,2015.0,2024.0,,,,
IGLOOLIK A,NUNAVUT,2402543,1757,,YGT,69.37,-81.82,692200000,-814900000,52.74,1984,2015,1984.0,2015.0,1984.0,2015.0,1984.0,2007.0
IGLOOLIK A,NUNAVUT,2402546,53333,,YGT,69.36,-81.82,692153000,-814859000,52.7,2015,2024,2015.0,2024.0,2018.0,2024.0,,
IQALUIT A,NUNAVUT,2402590,1758,71909.0,YFB,63.75,-68.55,634500000,-683300000,33.5,1946,2014,1953.0,2014.0,1946.0,2008.0,1946.0,2007.0
IQALUIT AWOS,NUNAVUT,2402591,47388,71909.0,YFB,63.75,-68.55,634500000,-683300000,33.5,2008,2015,2008.0,2015.0,2008.0,2015.0,,
IQALUIT CLIMATE,NUNAVUT,2402592,42503,71321.0,XFB,63.75,-68.54,634450000,-683240000,33.5,2004,2024,2004.0,2024.0,2004.0,2024.0,2005.0,2007.0
IQALUIT A,NUNAVUT,2402596,52079,,YFB,63.76,-68.56,634524000,-683322000,33.5,2014,2024,2014.0,2024.0,2018.0,2024.0,,
ISACHSEN (AUT),NUNAVUT,2402604,10253,71074.0,WIC,78.79,-103.55,784732004,-1033316008,58.0,1994,2024,1994.0,2024.0,1995.0,2024.0,2003.0,2007.0
KIMMIRUT A,NUNAVUT,2402671,51424,,YLC,62.85,-69.88,625053000,-695238000,51.5,2015,2024,2015.0,2024.0,,,,
KIMMIRUT A,NUNAVUT,2402673,53517,,YLC,62.85,-69.88,625053000,-695238000,51.5,2015,2024,2015.0,2024.0,2018.0,2024.0,,
LONGSTAFF BLUFF,NUNAVUT,2402684,1764,71091.0,WLX,68.9,-75.14,685355000,-750827000,160.8,1955,2023,1955.0,2023.0,1957.0,2023.0,1958.0,2007.0
MACKAR INLET,NUNAVUT,2402686,1765,71080.0,WUU,68.3,-85.67,681800000,-854000000,394.7,1956,1992,1956.0,1992.0,1957.0,1992.0,1957.0,1992.0
MT ARTHUR (AUT),NUNAVUT,2402710,7354,,WNG,81.33,-74.77,812000000,-744600000,1335.9,1983,1986,1983.0,1986.0,,,,
NANISIVIK A,NUNAVUT,2402730,1769,,YSR,72.98,-84.62,725900000,-843700000,641.9,1976,2011,1977.0,2011.0,1976.0,2010.0,1976.0,2007.0
NANISIVIK AWOS,NUNAVUT,2402731,47468,,YSR,72.98,-84.62,725900000,-843700000,641.9,2008,2011,2008.0,2011.0,,,,
LONGSTAFF BLUFF A,NUNAVUT,2402F84,8950,,,68.93,-75.28,685600000,-751700000,14.3,1983,1991,1983.0,1991.0,,,,
PANGNIRTUNG,NUNAVUT,2403049,10721,71826.0,WXP,66.14,-65.71,660836300,-654240500,22.6,1994,2024,1994.0,2024.0,1995.0,2024.0,1996.0,2007.0
PANGNIRTUNG A,NUNAVUT,2403051,51158,,YXP,66.15,-65.71,660842000,-654249000,24.1,2013,2024,2013.0,2024.0,,,,
PANGNIRTUNG AWOS,NUNAVUT,2403052,47487,,YXP,66.13,-65.7,660800000,-654200000,24.1,2008,2013,2008.0,2013.0,,,,
PANGNIRTUNG A,NUNAVUT,2403053,8273,,YXP,66.15,-65.71,660842000,-654249000,24.1,1987,2014,1987.0,2013.0,1995.0,2014.0,1995.0,2007.0
PANGNIRTUNG A,NUNAVUT,2403054,51217,,YXP,66.15,-65.71,660842000,-654249000,24.0,2013,2024,2013.0,2024.0,2018.0,2024.0,,
POND INLET A,NUNAVUT,2403201,1774,71095.0,YIO,72.69,-77.97,724122000,-775808000,61.6,1975,2014,1975.0,2013.0,1975.0,2014.0,1975.0,2007.0
POND INLET AWOS,NUNAVUT,2403202,47488,71095.0,YIO,72.69,-77.97,724122000,-775808000,61.6,2008,2013,2008.0,2013.0,2008.0,2013.0,,
POND INLET CLIMATE,NUNAVUT,2403204,43223,71576.0,NDT,72.69,-77.96,724136000,-775727000,64.66,2004,2024,2004.0,2024.0,2005.0,2024.0,2005.0,2007.0
POND INLET A,NUNAVUT,2403205,51081,,YIO,72.69,-77.97,724122000,-775808000,61.6,2013,2024,2013.0,2024.0,,,,
POND INLET A,NUNAVUT,2403206,51080,71095.0,YIO,72.69,-77.97,724122000,-775808000,61.6,2013,2024,2013.0,2024.0,2013.0,2024.0,,
REA POINT,NUNAVUT,2403450,1793,71983.0,ZRP,75.38,-105.72,752236009,-1054254002,15.0,1969,2024,1969.0,2024.0,1969.0,2024.0,1969.0,2007.0
REPULSE BAY A,NUNAVUT,2403490,1775,,YUT,66.52,-86.22,663117000,-861329000,22.9,1973,2014,1984.0,2013.0,1973.0,2014.0,1973.0,2007.0
NAUJAAT A,NUNAVUT,2403491,52001,,YUT,66.52,-86.22,663114000,-861329000,22.9,2013,2024,2013.0,2024.0,,,,
NAUJAAT A,NUNAVUT,2403495,52983,,YUT,66.52,-86.22,663114000,-861329000,22.9,2014,2024,2014.0,2024.0,2018.0,2024.0,,
RESOLUTE BAY A,NUNAVUT,2403497,54199,,YRB,74.72,-94.97,744301000,-945810000,67.7,2016,2024,2016.0,2024.0,2018.0,2024.0,,
RESOLUTE BAY A,NUNAVUT,2403498,53060,71924.0,YRB,74.72,-94.97,744301000,-945810000,67.7,2014,2024,2014.0,2024.0,2014.0,2024.0,,
RESOLUTE CARS,NUNAVUT,2403500,1776,71924.0,YRB,74.72,-94.97,744301000,-945810000,67.68,1947,2014,1953.0,2014.0,1947.0,2014.0,1947.0,2014.0
RESOLUTE CS,NUNAVUT,2403505,32150,71018.0,XRB,74.72,-94.98,744257005,-945859007,30.0,2002,2024,2002.0,2024.0,2002.0,2024.0,2002.0,2007.0
RESOLUTION ISLAND,NUNAVUT,2403602,1778,71972.0,WRH,61.58,-64.65,613500000,-643900000,368.5,1962,2022,1962.0,2022.0,1962.0,2022.0,1962.0,1975.0
ROWLEY ISLAND,NUNAVUT,2403625,1779,71088.0,WRX,69.08,-79.03,690500000,-790200000,41.0,1957,2023,1994.0,2023.0,1957.0,2023.0,1958.0,2007.0
SKULL POINT (AUT),NUNAVUT,2403697,7357,,WJE,80.0,-86.43,800000000,-862600000,36.9,1983,1986,1983.0,1986.0,,,,
STEFANSSON ISLAND,NUNAVUT,2403756,32148,71017.0,XSE,73.77,-105.3,734556500,-1051744000,11.0,2002,2024,2002.0,2024.0,2002.0,2024.0,2002.0,2007.0
SVARTEVAEG,NUNAVUT,2403833,50659,71872.0,NSG,81.16,-91.82,810939000,-914859060,72.0,2012,2024,2012.0,2024.0,2012.0,2024.0,,
TALOYOAK A,NUNAVUT,2403854,1783,71580.0,YYH,69.55,-93.58,693300000,-933500000,27.4,1984,2015,1984.0,2015.0,1984.0,2015.0,1984.0,2015.0
TALOYOAK A,NUNAVUT,2403855,53340,71580.0,YYH,69.55,-93.58,693248000,-933437000,27.4,2015,2024,2015.0,2024.0,2015.0,2024.0,2015.0,2015.0
TALOYOAK A,NUNAVUT,2403856,54219,,YYH,69.55,-93.58,693248000,-933437000,27.4,2016,2024,2016.0,2024.0,2018.0,2024.0,,
WAGER BAY (AUT),NUNAVUT,2403945,31167,71049.0,XWB,65.88,-89.45,655245000,-892645000,18.0,2001,2024,2001.0,2024.0,2001.0,2024.0,2001.0,2006.0
YANKEE (AUT),NUNAVUT,2404030,7359,,WPT,80.7,-81.0,804200000,-810000000,1052.8,1983,1986,1983.0,1986.0,,,,
KIMMIRUT A,NUNAVUT,240KFQJ,8272,,YLC,62.85,-69.88,625100000,-695300000,51.5,1987,2015,1987.0,2015.0,1994.0,2004.0,1994.0,2004.0
NANGMAGVIK LAKE,NORTHWEST TERRITORIES,2500440,27118,71974.0,WSQ,74.14,-119.99,740820000,-1195920000,32.0,1996,2024,1996.0,2024.0,1996.0,2024.0,1998.0,2007.0
CAPE PROVIDENCE,NORTHWEST TERRITORIES,2501419,53298,,NPV,74.46,-112.16,742723800,-1120938000,12.0,2014,2024,2014.0,2024.0,2017.0,2024.0,,
ULUKHAKTOK A,NORTHWEST TERRITORIES,2502501,1789,,YHI,70.76,-117.81,704546000,-1174822000,35.97,1979,2014,1987.0,2014.0,1979.0,2010.0,1979.0,2007.0
ULUKHAKTOK A,NORTHWEST TERRITORIES,2502502,53332,,YHI,70.76,-117.81,704546000,-1174822000,36.0,2014,2024,2014.0,2024.0,,,,
ULUKHAKTOK A,NORTHWEST TERRITORIES,2502503,53329,,YHI,70.76,-117.81,704546000,-1174822000,36.0,2014,2024,2014.0,2024.0,2018.0,2024.0,,
HOLMAN CS,NORTHWEST TERRITORIES,2502505,29715,71029.0,XHI,70.76,-117.8,704541002,-1174800002,29.9,2000,2024,2000.0,2024.0,2000.0,2024.0,2002.0,2007.0
JOHNSON POINT A,NORTHWEST TERRITORIES,2502657,1791,,,72.77,-118.5,724600000,-1183000000,9.1,1972,1976,1972.0,1976.0,1972.0,1976.0,1972.0,1976.0
MOULD BAY A,NORTHWEST TERRITORIES,2502700,1792,,YMD,76.23,-119.33,761400000,-1192000000,12.2,1948,1997,1953.0,1997.0,1948.0,1997.0,1948.0,1997.0
SACHS HARBOUR CLIMATE,NORTHWEST TERRITORIES,2503648,10076,71467.0,WSY,71.99,-125.25,715933000,-1251515000,87.5,1994,2024,1994.0,2024.0,1994.0,2024.0,2004.0,2007.0
SACHS HARBOUR A,NORTHWEST TERRITORIES,2503649,53326,,YSY,71.99,-125.24,715937000,-1251429000,86.3,2015,2024,2015.0,2024.0,2018.0,2024.0,,
SACHS HARBOUR A,NORTHWEST TERRITORIES,2503650,1794,,YSY,72.0,-125.27,720000000,-1251600000,86.25,1955,2015,1955.0,2015.0,1955.0,2013.0,1955.0,2007.0
SACHS HARBOUR A,NORTHWEST TERRITORIES,2503651,53328,,YSY,71.99,-125.24,715937000,-1251429000,86.3,2015,2024,2015.0,2024.0,,,,
THOMSEN RIVER,NORTHWEST TERRITORIES,2503886,10598,71916.0,WYF,73.23,-119.54,731351000,-1193218000,41.5,1997,2024,1997.0,2024.0,1997.0,2024.0,1998.0,2007.0
MOULD BAY CS,NORTHWEST TERRITORIES,250M001,27324,71989.0,WAY,76.24,-119.35,761415060,-1192050040,1.5,1997,2024,1997.0,2024.0,1997.0,2024.0,2002.0,2007.0
ABEE AGDM,ALBERTA,3010010,32232,71285.0,XAF,54.28,-112.97,541700000,-1125800000,664.0,1990,2024,1990.0,2024.0,2002.0,2024.0,2002.0,2007.0
ALBERT HALL AGCM,ALBERTA,3010060,46127,71005.0,PAH,53.11,-111.18,530648004,-1111052006,658.0,2007,2024,2007.0,2024.0,2007.0,2024.0,2007.0,2007.0
ALLIANCE AGCM,ALBERTA,3010162,46327,71006.0,PAA,52.32,-111.78,521855007,-1114643006,737.0,2007,2024,2007.0,2024.0,2007.0,2024.0,2007.0,2007.0
ANDREW AGDM,ALBERTA,3010237,32253,71286.0,XAG,53.92,-112.28,535501000,-1121645000,625.0,1998,2024,1998.0,2024.0,2002.0,2024.0,2002.0,2007.0
BELLSHILL AGCM,ALBERTA,3010650,46128,71010.0,PBL,52.58,-111.47,523456007,-1112755007,721.0,2007,2024,2007.0,2024.0,2007.0,2024.0,,
BODO AGDM,ALBERTA,3010730,32149,71214.0,XBA,52.12,-110.1,520727005,-1100605009,687.0,1995,2024,1995.0,2024.0,2002.0,2024.0,2002.0,2007.0
BRETON PLOTS,ALBERTA,3010816,10928,71233.0,WOV,53.09,-114.44,530522000,-1142627000,851.5,1995,2024,1995.0,2024.0,2001.0,2024.0,2001.0,2007.0
BUSBY AGCM,ALBERTA,3010979,47068,71284.0,PBB,53.93,-113.92,535551005,-1135518001,714.0,2008,2024,2008.0,2024.0,2008.0,2024.0,,
CADOGAN AGCM,ALBERTA,3010992,46470,71012.0,PCA,52.33,-110.51,522003007,-1103036002,690.0,2007,2024,2007.0,2024.0,2007.0,2024.0,,
CAMROSE,ALBERTA,3011240,1839,71254.0,WRV,53.05,-112.82,530300000,-1124900000,739.0,1946,2024,1994.0,2024.0,1946.0,2024.0,1946.0,2007.0
CONSORT AGDM,ALBERTA,3011815,32230,71223.0,XCS,51.94,-110.71,515613008,-1104247003,772.0,2002,2024,2002.0,2024.0,2002.0,2024.0,2002.0,2007.0
CORONATION A,ALBERTA,3011880,1854,,,52.07,-111.45,520400000,-1112700000,791.0,1944,1994,1953.0,1994.0,1944.0,1994.0,1944.0,1994.0
CORONATION (AUT),ALBERTA,3011885,8691,,WCT,52.08,-111.45,520500000,-1112700000,790.7,1992,2003,1994.0,2003.0,1992.0,2003.0,1996.0,2003.0
CORONATION CLIMATE,ALBERTA,3011887,27212,71318.0,WCT,52.07,-111.45,520427000,-1112658000,791.0,1996,2024,1999.0,2024.0,1996.0,2024.0,1996.0,2007.0
CRESTOMERE AGCM,ALBERTA,3011892,47069,71380.0,PCC,52.73,-113.9,524358005,-1135410007,855.0,2008,2024,2008.0,2024.0,2008.0,2024.0,,
DELBURNE AGCM,ALBERTA,3012050,46730,71014.0,PDA,52.18,-113.18,521058004,-1131032006,889.0,2007,2024,2008.0,2024.0,2007.0,2024.0,2007.0,2007.0
DEWBERRY AGCM,ALBERTA,3012073,46731,71359.0,PDB,53.66,-110.59,533933008,-1103515006,616.0,2007,2024,2008.0,2024.0,2007.0,2024.0,2007.0,2007.0
EDGERTON AGCM,ALBERTA,3012192,46129,71360.0,PEA,52.78,-110.43,524640001,-1102558002,649.0,2007,2024,2007.0,2024.0,2007.0,2024.0,,
EDMONTON CITY CENTRE AWOS,ALBERTA,3012202,31427,71879.0,YXD,53.57,-113.52,533419000,-1133110000,671.4,2004,2015,2004.0,2015.0,2005.0,2015.0,2005.0,2007.0
EDMONTON INT'L A,ALBERTA,3012205,1865,71123.0,YEG,53.32,-113.58,531900000,-1133500000,723.3,1959,2012,1961.0,2012.0,1959.0,2012.0,1959.0,2012.0
EDMONTON INTERNATIONAL CS,ALBERTA,3012206,27793,71155.0,XEG,53.31,-113.61,531824002,-1133621009,715.0,1999,2024,1999.0,2024.0,1999.0,2024.0,1999.0,2007.0
EDMONTON CITY CENTRE A,ALBERTA,3012208,1867,,,53.57,-113.52,533424000,-1133106000,670.6,1937,2005,1953.0,2005.0,1937.0,2005.0,1937.0,2005.0
EDMONTON BLATCHFORD,ALBERTA,3012209,27214,71157.0,XEC,53.57,-113.52,533423008,-1133100010,671.0,1996,2024,1999.0,2024.0,1996.0,2024.0,1996.0,2007.0
EDMONTON NAMAO A,ALBERTA,3012210,1868,71121.0,YED,53.67,-113.47,534000000,-1132800000,687.9,1955,2024,1955.0,2024.0,1955.0,2009.0,1955.0,1996.0
EDMONTON NAMAO AWOS A,ALBERTA,3012212,30907,71121.0,YED,53.67,-113.47,534000000,-1132800000,687.93,2000,2022,2000.0,2022.0,2001.0,2022.0,2001.0,2007.0
EDMONTON INTL A,ALBERTA,3012216,50149,71123.0,YEG,53.31,-113.58,531836000,-1133446000,723.3,2012,2024,2012.0,2024.0,2012.0,2024.0,,
EDMONTON SOUTH CAMPUS,ALBERTA,3012220,53718,,NES,53.49,-113.54,532924050,-1133216000,670.0,2015,2024,2015.0,2024.0,2018.0,2024.0,,
EDMONTON VILLENEUVE A,ALBERTA,3012228,1871,,ZVL,53.67,-113.85,534003000,-1135116000,687.63,1984,1991,1984.0,1991.0,1984.0,1991.0,1984.0,1991.0
EDMONTON VILLENEUVE A,ALBERTA,3012229,51758,71664.0,ZVL,53.67,-113.86,534006000,-1135120000,687.6,2013,2024,2013.0,2024.0,2013.0,2024.0,,
EDMONTON STONY PLAIN,ALBERTA,301222F,1870,71119.0,WSE,53.55,-114.11,533251006,-1140630090,766.3,1966,2024,1994.0,2019.0,1966.0,2024.0,1966.0,2017.0
EDMONTON EER,ALBERTA,3012240,54718,,NEE,40.0,-50.0,400000000,-500000000,,1960,2017,2016.0,2017.0,1960.0,1960.0,,
ELK ISLAND NAT PARK,ALBERTA,3012275,1873,71238.0,WFE,53.68,-112.87,534058000,-1125205000,716.2,1981,2024,1994.0,2024.0,1981.0,2024.0,1981.0,2007.0
ELLERSLIE,ALBERTA,3012295,1878,,WHE,53.42,-113.55,532500000,-1133300000,693.7,1964,1986,,,1964.0,1986.0,1964.0,1986.0
FERINTOSH AGCM,ALBERTA,3012590,46733,71673.0,PFA,52.74,-112.86,524437009,-1125128009,795.0,2007,2024,2008.0,2024.0,2007.0,2024.0,2007.0,2007.0
FLEET AGCM,ALBERTA,3012635,51502,,PFE,52.04,-111.81,520227008,-1114847007,823.0,2013,2024,2013.0,2024.0,2018.0,2024.0,,
FORESTBURG AGCM,ALBERTA,3012653,46130,71674.0,PFO,52.55,-112.12,523254005,-1120724003,721.0,2007,2024,2007.0,2024.0,2007.0,2024.0,,
GILT EDGE NORTH AGCM,ALBERTA,3012790,46131,71791.0,PGE,53.07,-110.62,530415007,-1103715009,647.0,2007,2024,2007.0,2024.0,2007.0,2024.0,,
ST. FRANCIS,ALBERTA,3012799,53998,,PFR,53.29,-114.32,531741030,-1141912040,809.0,2015,2024,2015.0,2024.0,2018.0,2024.0,,
GLADSTONE AGCM,ALBERTA,3012810,51501,,PGT,52.99,-112.28,525914093,-1121641095,704.0,2013,2024,2013.0,2024.0,2018.0,2024.0,,
GLENEVIS AGCM,ALBERTA,3012818,47074,71500.0,PGC,53.83,-114.54,534957006,-1143220005,670.0,2008,2024,2008.0,2024.0,2008.0,2024.0,,
GOOSEBERRY LAKE AGCM,ALBERTA,3012871,51578,,PGB,52.11,-110.8,520647000,-1104809000,740.0,2013,2024,2013.0,2024.0,2018.0,2024.0,,
HALKIRK AGCM,ALBERTA,3012999,46787,71792.0,PHA,52.12,-112.16,520659008,-1120951001,843.0,2007,2024,2008.0,2024.0,2007.0,2024.0,2007.0,2007.0
HEMARUKA AGCM,ALBERTA,3013140,46907,71793.0,PHE,51.78,-111.21,514647007,-1111243004,780.0,2007,2024,2008.0,2024.0,2007.0,2024.0,2007.0,2007.0
HIGHVALE,ALBERTA,3013247,1904,71241.0,WHA,53.45,-114.47,532700000,-1142800000,746.8,1977,2006,1994.0,2006.0,1977.0,2006.0,1977.0,2006.0
HOLDEN AGDM,ALBERTA,3013340,32395,71227.0,XHD,53.19,-112.25,531106009,-1121446004,688.0,2001,2024,2001.0,2024.0,2002.0,2024.0,2002.0,2007.0
HUGHENDEN AGCM,ALBERTA,3013362,46908,71794.0,PHU,52.58,-110.78,523441007,-1104701004,703.0,2007,2024,2008.0,2024.0,2007.0,2024.0,2007.0,2007.0
KILLAM AGDM,ALBERTA,3013640,32313,71228.0,XKM,52.85,-111.87,525051000,-1115219000,674.5,2002,2024,2002.0,2024.0,2002.0,2024.0,2002.0,2007.0
KESSLER AGCM,ALBERTA,3013644,46909,71796.0,PKA,52.29,-111.11,521725000,-1110647006,720.0,2007,2024,2008.0,2024.0,2007.0,2024.0,2007.0,2007.0
KINSELLA RESEARC STATION,ALBERTA,3013647,49049,,PKR,53.05,-111.55,530249000,-1113251000,701.0,2010,2024,2010.0,2024.0,2018.0,2024.0,,
KITSCOTY AGCM,ALBERTA,3013660,46808,71797.0,PKI,53.35,-110.42,532112005,-1102458002,664.0,2007,2024,2008.0,2024.0,2007.0,2024.0,2007.0,2007.0
LEGAL AGCM,ALBERTA,3013790,47088,71544.0,PLF,54.0,-113.47,540011001,-1132828001,680.0,2008,2024,2008.0,2024.0,2008.0,2024.0,,
LINDBERGH AGDM,ALBERTA,3013921,43560,71567.0,NLB,53.94,-110.58,535634000,-1103444000,630.0,2004,2024,2004.0,2024.0,2005.0,2024.0,2005.0,2007.0
LLOYDMINSTER A,ALBERTA,3013958,50311,,YLL,53.31,-110.07,531838000,-1100427000,668.7,2012,2024,2012.0,2024.0,,,,
LLOYDMINSTER,ALBERTA,3013959,48550,71871.0,YLL,53.31,-110.07,531833000,-1100421000,668.7,2006,2024,2006.0,2024.0,2009.0,2024.0,,
LLOYDMINSTER A,ALBERTA,3013961,1920,,,53.31,-110.07,531833000,-1100421000,668.43,1982,2024,1982.0,2012.0,1982.0,2024.0,1982.0,2007.0
MANNVILLE AGCM,ALBERTA,3014195,46767,71047.0,PMA,53.46,-111.26,532720006,-1111519009,656.0,2007,2024,2008.0,2024.0,2007.0,2024.0,2007.0,2007.0
MUNDARE AGDM,ALBERTA,3014665,41785,71354.0,ZMU,53.57,-112.3,533400000,-1121800000,683.0,2003,2024,2003.0,2024.0,2003.0,2024.0,2003.0,2007.0
MYRNAM LITE,ALBERTA,3014690,46811,71065.0,PMN,53.71,-111.13,534229016,-1110759016,585.0,2007,2022,2008.0,2022.0,2007.0,2022.0,2007.0,2007.0
NEW SAREPTA AGCM,ALBERTA,3014795,46911,71067.0,PNS,53.26,-113.17,531544009,-1130954006,765.0,2007,2024,2008.0,2024.0,2007.0,2024.0,2007.0,2007.0
OLIVER AGDM,ALBERTA,3014921,41783,71351.0,ZOL,53.65,-113.35,533900000,-1132100000,665.0,2003,2024,2003.0,2024.0,2003.0,2024.0,2003.0,2007.0
RADWAY AGCM,ALBERTA,3015346,47089,71545.0,PRW,54.0,-112.88,535942002,-1125245001,625.0,2008,2024,2008.0,2024.0,2008.0,2024.0,,
RANFURLY AUTO,ALBERTA,3015401,51898,71637.0,PNX,53.42,-111.73,532529090,-1114332060,687.0,2013,2024,2013.0,2024.0,2013.0,2024.0,,
RIBSTONE SOUTH AGCM,ALBERTA,3015480,46812,71089.0,PRS,52.59,-110.34,523513003,-1102034005,644.0,2007,2024,2008.0,2024.0,2007.0,2024.0,2007.0,2007.0
RIVERCOURSE AGCM,ALBERTA,3015501,46132,71102.0,PRA,53.02,-110.1,530108003,-1100607003,669.0,2007,2024,2007.0,2024.0,2007.0,2024.0,2007.0,2007.0
ROCKY MTN HOUSE A,ALBERTA,3015522,1962,,,52.43,-114.92,522600000,-1145500000,988.2,1978,1994,1978.0,1994.0,1978.0,1994.0,1978.0,1994.0
ROCKY MTN HOUSE (AUT),ALBERTA,3015523,8712,71928.0,WRM,52.42,-114.91,522517006,-1145444003,988.2,1992,2024,1994.0,2024.0,1992.0,2024.0,1996.0,2007.0
ROSALIND AGCM,ALBERTA,3015600,46847,71202.0,PRL,52.79,-112.42,524732170,-1122520530,712.0,2007,2024,2008.0,2024.0,2007.0,2024.0,2007.0,2007.0
ST. LINA AGCM,ALBERTA,3015673,47127,71548.0,PSL,54.28,-111.45,541656001,-1112711005,619.0,2008,2024,2008.0,2024.0,2008.0,2024.0,,
ST. PAUL AGCM,ALBERTA,3015676,32457,71275.0,XSP,54.01,-111.27,540040000,-1111619000,649.0,2002,2024,2003.0,2024.0,2002.0,2024.0,2002.0,2007.0
SEDALIA AGCM,ALBERTA,3015797,46887,71399.0,PSA,51.59,-110.75,513525008,-1104517002,755.0,2007,2024,2008.0,2024.0,2007.0,2024.0,2007.0,2007.0
SHONTS AGCM,ALBERTA,3015900,46848,71405.0,PSH,53.33,-112.54,531957001,-1123222004,679.0,2007,2024,2008.0,2024.0,2007.0,2024.0,2007.0,2007.0
SMOKY LAKE AGDM,ALBERTA,3016022,32456,71274.0,XSL,54.28,-112.5,541639000,-1122957000,680.0,1990,2024,1990.0,2024.0,2002.0,2024.0,2002.0,2007.0
SPONDIN AGCM,ALBERTA,3016070,46913,71413.0,PSP,51.82,-111.68,514857009,-1114057004,804.0,2007,2024,2008.0,2024.0,2007.0,2024.0,2007.0,2007.0
STETTLER AGDM,ALBERTA,3016124,32458,71289.0,XAK,52.35,-112.6,522049000,-1123544000,795.0,2003,2024,2003.0,2024.0,2003.0,2024.0,2003.0,2007.0
THORSBY AGCM,ALBERTA,3016441,46850,71504.0,PTH,53.22,-113.89,531302007,-1135341005,754.0,2007,2024,2007.0,2024.0,2007.0,2024.0,2007.0,2007.0
TOMAHAWK AGDM,ALBERTA,3016505,43581,71566.0,NTK,53.44,-114.72,532622000,-1144306000,814.0,2004,2024,2004.0,2024.0,2005.0,2024.0,2005.0,2007.0
TULLIBY LAKE AGCM,ALBERTA,3016593,46851,71857.0,PTU,53.66,-110.08,533951009,-1100451005,596.0,2007,2024,2008.0,2024.0,2007.0,2024.0,2007.0,2007.0
TWO HILLS AGDM,ALBERTA,3016655,32459,71276.0,XTH,53.63,-111.68,533731000,-1114042000,678.0,1999,2024,1999.0,2024.0,2003.0,2024.0,2003.0,2007.0
VERMILION A,ALBERTA,3016800,1998,,,53.35,-110.83,532100000,-1105000000,618.7,1945,1982,1953.0,1982.0,1945.0,1982.0,1945.0,1982.0
VERMILION AGDM,ALBERTA,3016802,32461,71278.0,XVM,53.34,-110.88,532037700,-1105254700,623.0,1995,2024,1995.0,2024.0,2002.0,2024.0,2002.0,2007.0
VIKING AGCM,ALBERTA,3016841,46852,71888.0,PVA,53.18,-111.73,531056000,-1114354001,711.0,2007,2024,2008.0,2024.0,2007.0,2024.0,2007.0,2007.0
VILNA AGCM,ALBERTA,3016852,47110,71761.0,PVI,54.13,-111.92,540748001,-1115517004,645.0,2008,2023,2008.0,2023.0,2008.0,2023.0,,
VIOLET GROVE CS,ALBERTA,3016860,30643,71062.0,XVG,53.14,-115.13,530837009,-1150735000,914.0,2000,2021,2000.0,2021.0,2000.0,2021.0,2000.0,2007.0
VEGREVILLE,ALBERTA,3016GF0,1977,71458.0,WVI,53.51,-112.1,533019003,-1120552004,639.3,1980,2024,1994.0,2024.0,1980.0,2024.0,1980.0,2007.0
WETASKIWIN AGCM,ALBERTA,3017282,46853,71895.0,PWT,52.98,-113.44,525849007,-1132639003,774.0,2007,2024,2008.0,2024.0,2007.0,2024.0,2007.0,2007.0
WINTERBURN LAKESHORE A,ALBERTA,3017608,2019,,,53.58,-113.72,533500000,-1134300000,670.6,1964,1964,,,1964.0,1964.0,1964.0,1964.0
YOUNGSTOWN AGCM,ALBERTA,3017705,49949,,PYT,51.49,-111.22,512926004,-1111325006,800.0,2012,2024,2012.0,2024.0,2018.0,2024.0,,
EDMONTON STONY PLAIN CS,ALBERTA,301A001,27492,71127.0,XPS,53.55,-114.11,533250080,-1140630070,766.3,1997,2024,2000.0,2024.0,1997.0,2024.0,1997.0,2007.0
ESTHER 1,ALBERTA,301B460,10225,71240.0,WGY,51.67,-110.21,514011070,-1101222090,707.0,1993,2024,1994.0,2024.0,1993.0,2024.0,1996.0,2007.0
WAINWRIGHT A,ALBERTA,301FRLJ,10712,,YWV,52.8,-110.88,524800000,-1105300000,662.0,1995,1995,1995.0,1995.0,,,,
WAINWRIGHT CFB AIRFIELD 21,ALBERTA,301S001,26888,71118.0,ZWN,52.83,-111.1,524946006,-1110544007,686.25,1995,2024,1995.0,2024.0,1995.0,2024.0,2003.0,2007.0
WAINWRIGHT/WAINWRIGHT (FIELD 21),ALBERTA,301S111,52358,,YWN,52.83,-111.1,524950000,-1110602000,688.89,2015,2015,2015.0,2015.0,,,,
PIBROCH AGCM,ALBERTA,301X001,55338,,PX1,54.31,-113.82,541829088,-1134914007,621.0,2022,2024,2022.0,2024.0,2022.0,2024.0,,
REDWATER INDUSTRIAL AGCM,ALBERTA,301X002,55538,,PX4,53.84,-113.1,535035880,-1130556760,630.0,2023,2024,2023.0,2024.0,2023.0,2024.0,,
LLOYDMINSTER LITE,ALBERTA,301X003,55478,,PX5,53.36,-110.03,532129016,-1100131008,640.0,2023,2024,2023.0,2024.0,2023.0,2024.0,,
ACADIA VALLEY,ALBERTA,3020035,47748,71048.0,PAC,51.07,-110.32,510358090,-1101901090,735.0,2009,2024,2009.0,2024.0,2009.0,2024.0,,
ATLEE AGCM,ALBERTA,3020405,47787,71986.0,PAT,50.81,-111.01,504836070,-1110020030,795.0,2009,2024,2009.0,2024.0,2009.0,2024.0,,
BEISEKER AGCM,ALBERTA,3020610,46468,71009.0,PBE,51.38,-113.36,512243007,-1132126001,896.0,2007,2024,2007.0,2024.0,2007.0,2024.0,2007.0,2007.0
BIG VALLEY AGCM,ALBERTA,3020679,46469,71011.0,PBV,52.0,-112.8,515952006,-1124809006,870.0,2007,2024,2007.0,2024.0,2007.0,2024.0,,
BUFFALO AGCM,ALBERTA,3020950,50920,,PXB,50.8,-110.69,504753159,-1104108088,723.0,2012,2024,2012.0,2024.0,2018.0,2024.0,,
CABIN LAKE AGCM,ALBERTA,3021000,49948,,PCL,51.02,-111.22,510125005,-1111317009,734.0,2012,2024,2012.0,2024.0,2018.0,2024.0,,
CAPPON,ALBERTA,3021200,53099,,PCN,51.07,-110.8,510401010,-1104748080,758.0,2014,2024,2014.0,2024.0,2018.0,2024.0,,
CEREAL AGCM,ALBERTA,3021463,50938,,PCE,51.28,-110.82,511632879,-1104927839,753.0,2012,2024,2012.0,2024.0,2018.0,2024.0,,
CRAIGMYLE AGCM,ALBERTA,3021912,46471,71013.0,PCM,51.78,-112.25,514630001,-1121508004,845.0,2007,2024,2007.0,2024.0,2007.0,2024.0,2007.0,2007.0
DRUMHELLER EAST,ALBERTA,30221LG,10708,71237.0,WDZ,51.45,-112.68,512643000,-1124036000,678.2,1994,2024,1994.0,2024.0,1995.0,2024.0,1996.0,2007.0
FINNEGAN AGCM,ALBERTA,3022650,52459,,PFF,51.05,-112.1,510311484,-1120550531,748.0,2013,2024,2013.0,2024.0,2018.0,2024.0,,
HAND HILLS AGCM,ALBERTA,3022990,50939,,PXH,51.45,-112.14,512709000,-1120806719,941.0,2012,2024,2012.0,2024.0,2018.0,2024.0,,
HESPERO AGCM,ALBERTA,3023200,47076,71540.0,PHR,52.31,-114.49,521836008,-1142909002,965.0,2008,2024,2008.0,2024.0,2008.0,2024.0,,
HUSSAR AGDM,ALBERTA,3023402,31409,71344.0,XHR,51.18,-112.5,511100000,-1123000000,971.21,2001,2024,2002.0,2024.0,2001.0,2024.0,2001.0,2007.0
KIRRIEMUIR AGCM,ALBERTA,3023660,51500,,PZK,51.91,-110.36,515447081,-1102132094,711.0,2013,2024,2013.0,2024.0,2018.0,2024.0,,
LACOMBE CDA 2,ALBERTA,3023722,10906,71242.0,WQQ,52.45,-113.76,522656006,-1134521005,860.0,1993,2024,1994.0,2024.0,1993.0,2024.0,1996.0,2007.0
LEEDALE AGDM,ALBERTA,3023740,43561,71565.0,NLD,52.55,-114.47,523311000,-1142821000,947.0,2004,2024,2004.0,2024.0,2005.0,2024.0,2005.0,2007.0
LINDEN AGCM,ALBERTA,3023850,46910,71035.0,PLA,51.62,-113.66,513708009,-1133920009,914.0,2007,2024,2008.0,2024.0,2007.0,2024.0,2007.0,2007.0
LODGE CREEK,ALBERTA,3023900,52458,,PLZ,49.46,-110.34,492727756,-1102028320,1068.0,2014,2024,2014.0,2024.0,2018.0,2024.0,,
MORRIN AGDM,ALBERTA,3024668,32433,71257.0,XMO,51.66,-112.68,513937000,-1124030000,836.0,1991,2024,1991.0,2024.0,2002.0,2024.0,2002.0,2007.0
OLDS AGDM,ALBERTA,3024925,32453,71258.0,XOL,51.76,-114.08,514531000,-1140505000,1046.0,2002,2024,2002.0,2024.0,2002.0,2024.0,2002.0,2007.0
OYEN AGDM,ALBERTA,3024965,31410,71342.0,XOY,51.38,-110.35,512300000,-1102100000,766.67,2002,2024,2002.0,2024.0,2002.0,2024.0,2002.0,2007.0
OYEN AIRPORT,ALBERTA,3024R60,2110,,,51.33,-110.48,512000000,-1102900000,761.4,1980,1981,,,1980.0,1981.0,1980.0,1981.0
PATRICIA AGCM,ALBERTA,3025013,50923,,PPT,50.74,-111.62,504424072,-1113715599,726.0,2012,2024,2012.0,2024.0,2018.0,2024.0,,
POLLOCKVILLE AGDM,ALBERTA,3025243,32454,71259.0,XPL,51.13,-111.71,510731000,-1114219000,750.0,1999,2024,1999.0,2024.0,2002.0,2024.0,2002.0,2007.0
PRENTISS,ALBERTA,3025297,41784,71353.0,ZPS,52.43,-113.6,522600000,-1133600000,965.0,2003,2024,2003.0,2024.0,2003.0,2024.0,2003.0,2007.0
RED DEER A,ALBERTA,3025480,2134,71878.0,YQF,52.18,-113.89,521043000,-1135335000,904.6,1938,2014,1953.0,2014.0,1938.0,2014.0,1938.0,2007.0
RED DEER REGIONAL A,ALBERTA,3025481,51440,,YQF,52.18,-113.89,521056000,-1135340000,904.6,2014,2021,2014.0,2021.0,2014.0,2021.0,,
RED DEER REGIONAL A,ALBERTA,3025484,55018,71878.0,YQF,52.18,-113.89,521056000,-1135340000,904.6,2020,2024,2020.0,2024.0,2020.0,2024.0,,
ST. ALBERT RESEARCH STATION,ALBERTA,3025750,49050,,PSR,53.69,-113.62,534131000,-1133711000,687.0,2010,2024,2010.0,2024.0,2018.0,2024.0,,
SCHULER AGDM,ALBERTA,3025768,32455,71269.0,XSC,50.31,-110.09,501825000,-1100526000,800.0,2001,2024,2001.0,2024.0,2002.0,2024.0,2002.0,2007.0
SHEERNESS AGCM,ALBERTA,3025890,50937,,PXS,51.46,-111.65,512746008,-1113847039,852.0,2012,2024,2012.0,2024.0,2018.0,2024.0,,
SUNNYNOOK AGCM,ALBERTA,3026264,53100,,PNU,51.3,-111.39,511803010,-1112317030,,2014,2024,2014.0,2024.0,2018.0,2024.0,,
THREE HILLS,ALBERTA,3026479,10907,71249.0,WHI,51.77,-113.21,514603082,-1131220095,857.0,1993,2024,1994.0,2024.0,1993.0,2024.0,1996.0,2007.0
VERGER,ALBERTA,3026800,53078,,PVR,50.9,-111.96,505342076,-1115718022,723.0,2014,2024,2014.0,2024.0,2018.0,2024.0,,
SUNDRE A,ALBERTA,3026KNQ,10105,71248.0,WAV,51.78,-114.68,514641000,-1144057000,1114.4,1993,2024,1994.0,2024.0,1993.0,2024.0,1995.0,2007.0
WIMBORNE AGCM,ALBERTA,3027582,46729,71904.0,PWB,51.94,-113.59,515609009,-1133527002,940.0,2007,2024,2008.0,2024.0,2007.0,2024.0,2007.0,2007.0
ARDENVILLE,ALBERTA,3030200,53098,,PAV,49.53,-113.43,493139040,-1132602090,1126.0,2014,2024,2014.0,2024.0,2018.0,2024.0,,
AZURE,ALBERTA,3030450,47727,71981.0,PAZ,50.51,-114.01,503043000,-1140047020,1143.0,2008,2024,2008.0,2024.0,2008.0,2024.0,,
BARNWELL AGDM,ALBERTA,3030525,31408,71346.0,XBW,49.8,-112.3,494800000,-1121800000,824.24,2001,2024,2001.0,2024.0,2002.0,2024.0,2002.0,2007.0
BARONS AGCM,ALBERTA,3030529,46447,71007.0,PBA,50.03,-113.22,500133008,-1131328009,967.0,2006,2024,2006.0,2024.0,2007.0,2024.0,2007.0,2007.0
BASSANO AGCM,ALBERTA,3030540,46467,71008.0,PBS,50.89,-112.47,505333005,-1122754009,807.0,2007,2024,2007.0,2024.0,2007.0,2024.0,2007.0,2007.0
BLACK DIAMOND,ALBERTA,3030680,47747,71982.0,PBD,50.71,-114.15,504224008,-1140906002,1156.0,2008,2024,2008.0,2024.0,2008.0,2024.0,,
BLACKIE AGCM,ALBERTA,3030690,50917,,PXC,50.55,-113.64,503244084,-1133825000,1019.0,2012,2024,2012.0,2024.0,2018.0,2024.0,,
BLOOD TRIBE AGDM,ALBERTA,3030720,42703,71517.0,PBT,49.57,-113.05,493400000,-1130300000,980.0,2004,2024,2004.0,2024.0,2004.0,2024.0,2004.0,2007.0
BOW ISLAND,ALBERTA,3030768,10915,71231.0,WXL,49.73,-111.45,494403070,-1112701000,816.6,1993,2024,1994.0,2024.0,1993.0,2024.0,1996.0,2007.0
BOW ISLAND IRRIGATION AGDM,ALBERTA,3030772,42723,71519.0,PXL,49.87,-111.37,495205052,-1112158068,796.0,2004,2022,2004.0,2022.0,2004.0,2022.0,2005.0,2006.0
BROCKET AGDM,ALBERTA,3030830,31407,71341.0,XBR,49.62,-113.82,493700000,-1134900000,1072.73,2001,2024,2002.0,2024.0,2001.0,2024.0,2002.0,2007.0
BULL SPRINGS AGCM,ALBERTA,3030879,50921,,PBU,50.34,-110.48,502022092,-1102902759,780.0,2012,2024,2012.0,2024.0,2018.0,2024.0,,
BROOKS,ALBERTA,3030QLP,2180,71457.0,WBO,50.56,-111.85,503319070,-1115056030,747.0,1988,2024,1994.0,2024.0,1988.0,2024.0,1988.0,2007.0
CALGARY INTL A,ALBERTA,3031092,50430,71877.0,YYC,51.12,-114.01,510721000,-1140048000,1099.1,2012,2024,2012.0,2024.0,2012.0,2024.0,,
CALGARY INT'L A,ALBERTA,3031093,2205,71877.0,YYC,51.11,-114.02,510650000,-1140113000,1084.1,1881,2012,1953.0,2012.0,1881.0,2012.0,1881.0,2012.0
CALGARY INT'L CS,ALBERTA,3031094,27211,71393.0,PCI,51.11,-114.0,510634010,-1140001070,1081.9,1999,2024,2008.0,2024.0,1999.0,2024.0,2000.0,2007.0
CALGARY SPRINGBANK A,ALBERTA,3031109,52200,73126.0,YBW,51.11,-114.37,510619000,-1142217000,1200.9,2014,2024,2014.0,2024.0,2018.0,2024.0,,
CARDSTON,ALBERTA,3031322,26971,71153.0,WFJ,49.2,-113.29,491202070,-1131709020,1136.0,1994,2024,1994.0,2024.0,1994.0,2024.0,1996.0,2007.0
CARWAY,ALBERTA,3031402,49968,71488.0,PCY,49.0,-113.38,490002000,-1132234000,1354.0,2012,2024,2012.0,2024.0,2012.0,2024.0,,
CHAMPION AGDM,ALBERTA,3031480,32254,71217.0,XCP,50.28,-113.35,501655001,-1132101000,1006.0,1992,2024,1992.0,2024.0,2002.0,2024.0,2002.0,2007.0
CLARESHOLM,ALBERTA,3031640,2224,71234.0,WDK,50.0,-113.64,500013070,-1133819090,1009.0,1951,2024,1994.0,2024.0,1951.0,2024.0,1951.0,2007.0
COP UPPER,ALBERTA,3031875,9010,71235.0,WDU,51.08,-114.22,510434020,-1141320090,1235.0,1993,2024,1994.0,2024.0,1993.0,2024.0,1996.0,2007.0
COWLEY A,ALBERTA,3031920,2233,,,49.63,-114.08,493800000,-1140500000,1182.0,1939,1960,1953.0,1960.0,1939.0,1960.0,1939.0,1960.0
ENCHANT AGDM,ALBERTA,3032422,42724,71518.0,PEH,50.18,-112.43,501100000,-1122600000,801.0,2004,2024,2004.0,2024.0,2004.0,2024.0,2005.0,2007.0
ETZIKOM AGCM,ALBERTA,3032450,46732,71409.0,PET,49.55,-111.05,493310002,-1110315008,845.0,2007,2024,2008.0,2024.0,2007.0,2024.0,2007.0,2007.0
FINCASTLE AGDM,ALBERTA,3032550,42727,71535.0,PFI,49.8,-112.03,494800000,-1120200000,833.0,2004,2024,2004.0,2024.0,2004.0,2024.0,2004.0,2007.0
FOREMOST AGDM,ALBERTA,3032642,32257,71225.0,XFM,49.48,-111.49,492900001,-1112910000,881.0,1999,2024,1999.0,2024.0,2002.0,2024.0,2002.0,2007.0
FORT MACLEOD AGCM,ALBERTA,3032683,46734,71789.0,PFM,49.79,-113.38,494709000,-1132246009,978.0,2007,2024,2008.0,2024.0,2007.0,2024.0,2007.0,2007.0
GLEICHEN AGCM,ALBERTA,3032801,47073,71498.0,PGI,50.93,-112.94,505604004,-1125626009,907.0,2008,2024,2008.0,2024.0,2008.0,2024.0,,
GLENWOOD,ALBERTA,3032818,45748,71885.0,PCR,49.33,-113.52,492004000,-1133128000,1074.0,2006,2024,2006.0,2024.0,2007.0,2024.0,2007.0,2007.0
GRASSY LAKE,ALBERTA,3032927,45647,71788.0,PGL,49.87,-111.73,495225000,-1114358000,783.0,2006,2024,2006.0,2024.0,2007.0,2024.0,2007.0,2007.0
IRON SPRINGS AGDM,ALBERTA,3033498,42728,71528.0,PIR,49.9,-112.73,495400000,-1124400000,858.0,2004,2023,2004.0,2023.0,2004.0,2023.0,2004.0,2007.0
PRIDDIS OBSERVATORY,ALBERTA,3033505,48468,,PRD,50.87,-114.29,505209000,-1141730000,1267.0,2010,2024,2010.0,2024.0,2018.0,2024.0,,
IRVINE AGCM,ALBERTA,3033550,46807,71795.0,PIA,49.99,-110.26,495921008,-1101541007,795.0,2007,2024,2008.0,2024.0,2007.0,2024.0,2007.0,2007.0
KEOMA AGCM,ALBERTA,3033620,50940,,PKO,51.19,-113.63,511126016,-1133750016,945.0,2012,2024,2012.0,2024.0,2018.0,2024.0,,
LATHOM AGCM,ALBERTA,3033770,51499,,PZL,50.6,-112.3,503601044,-1121756052,810.0,2013,2024,2013.0,2024.0,2018.0,2024.0,,
LETHBRIDGE,ALBERTA,3033875,49268,71267.0,YQL,49.63,-112.8,493749000,-1124756000,929.0,2011,2024,2011.0,2024.0,2011.0,2024.0,,
LETHBRIDGE AGTECH AGCM,ALBERTA,3033877,51377,,PXZ,49.65,-112.76,493850000,-1124545000,918.0,2013,2024,2013.0,2024.0,2018.0,2024.0,,
LETHBRIDGE A,ALBERTA,3033880,2263,,YQL,49.63,-112.8,493749000,-1124759000,928.7,1938,2012,1953.0,2012.0,1938.0,2008.0,1938.0,2007.0
LETHBRIDGE A,ALBERTA,3033881,50128,,YQL,49.63,-112.8,493749000,-1124759000,929.0,2012,2024,2012.0,2024.0,,,,
LETHBRIDGE AWOS A,ALBERTA,3033884,31447,,YQL,49.63,-112.8,493800000,-1124800000,929.03,2006,2012,2006.0,2012.0,2006.0,2011.0,,
LETHBRIDGE CDA,ALBERTA,3033890,2265,71243.0,WQL,49.7,-112.77,494142000,-1124603000,910.0,1908,2024,1994.0,2024.0,1908.0,2024.0,1908.0,2007.0
LETHBRIDGE DEMO FARM AGDM,ALBERTA,3033897,42726,71509.0,PQL,49.68,-112.75,494100000,-1124500000,903.0,2004,2024,2004.0,2024.0,2004.0,2024.0,2004.0,2007.0
MEDICINE HAT,ALBERTA,3034479,48949,71247.0,YXH,50.02,-110.72,500108000,-1104315000,716.9,2010,2024,2010.0,2024.0,2010.0,2024.0,,
MEDICINE HAT A,ALBERTA,3034480,2273,,YXH,50.02,-110.72,500108000,-1104315000,716.9,1883,2012,1953.0,2012.0,1883.0,2008.0,1883.0,2007.0
MEDICINE HAT A,ALBERTA,3034481,50129,,YXH,50.02,-110.72,500108000,-1104315000,716.9,2012,2024,2012.0,2024.0,,,,
MEDICINE HAT AWOS,ALBERTA,3034483,44746,,,50.02,-110.72,500108100,-1104315000,716.9,2006,2010,2006.0,2010.0,2008.0,2010.0,,
MEDICINE HAT RCS,ALBERTA,3034485,30347,71026.0,XMW,50.03,-110.72,500130400,-1104302100,715.0,2000,2024,2001.0,2024.0,2000.0,2024.0,2000.0,2007.0
MOSSLEIGH AGCM,ALBERTA,3034577,46810,71057.0,PML,50.67,-113.35,504021005,-1132055005,965.0,2007,2024,2008.0,2024.0,2007.0,2024.0,2007.0,2007.0
NIER AGDM,ALBERTA,3034795,43580,71495.0,NNR,51.37,-114.1,512210000,-1140557000,1145.0,2005,2024,2005.0,2024.0,2005.0,2024.0,2005.0,2007.0
PINCHER CREEK,ALBERTA,3035198,49368,71085.0,ZPC,49.52,-114.0,493114000,-1135950000,1189.6,2011,2024,2011.0,2024.0,2011.0,2024.0,,
PINCHER CREEK A,ALBERTA,3035202,2287,,,49.52,-114.0,493100000,-1140000000,1189.9,1979,1994,1979.0,1994.0,1979.0,1994.0,1979.0,1994.0
PINCHER CREEK (AUT),ALBERTA,3035206,8791,,PPX,49.52,-114.0,493114000,-1135950000,1189.63,1992,2012,1994.0,2012.0,1992.0,2011.0,2000.0,2007.0
PINCHER CREEK CLIMATE,ALBERTA,3035208,27218,71736.0,PCK,49.52,-114.0,493118003,-1140017001,1190.0,1996,2024,2010.0,2024.0,1996.0,2024.0,1996.0,2007.0
QUEENSTOWN,ALBERTA,3035342,47767,71073.0,PQU,50.6,-112.8,503552010,-1124812050,941.0,2009,2023,2009.0,2023.0,2009.0,2023.0,,
RAINIER AGCM,ALBERTA,3035355,53738,,PRE,50.37,-112.12,502200001,-1120700000,765.0,2015,2024,2015.0,2024.0,2018.0,2024.0,,
RALSTON AGCM,ALBERTA,3035362,50918,,PXX,50.1,-111.21,500556759,-1111247088,770.0,2012,2024,2012.0,2024.0,2018.0,2024.0,,
RAYMOND AGDM,ALBERTA,3035422,42729,71536.0,PRY,49.48,-112.68,492900000,-1124100000,937.0,2004,2024,2004.0,2024.0,2004.0,2024.0,2004.0,2007.0
ROLLING HILLS AGCM,ALBERTA,3035530,46827,71105.0,PRH,50.27,-111.7,501554007,-1114204000,645.0,2007,2024,2008.0,2024.0,2007.0,2024.0,2007.0,2007.0
ROSEMARY AGDM,ALBERTA,3035650,42731,71537.0,PRO,50.83,-112.05,505000000,-1120300000,714.0,2004,2024,2004.0,2024.0,2004.0,2024.0,2004.0,2007.0
SEVEN PERSONS AGDM,ALBERTA,3035845,42730,71525.0,PSV,49.92,-110.92,495500000,-1105500000,766.0,2004,2024,2004.0,2024.0,2004.0,2024.0,,
SOCIAL PLAINS AGCM,ALBERTA,3036040,50922,,PPN,50.73,-110.21,504355199,-1101252919,741.0,2012,2024,2012.0,2024.0,2018.0,2024.0,,
CALGARY SPRINGBANK A,ALBERTA,3036077,50623,71860.0,YBW,51.11,-114.37,510619000,-1142217000,1200.9,2012,2014,2012.0,2014.0,2012.0,2014.0,,
SPRINGBANK A,ALBERTA,3036078,2304,,,51.1,-114.38,510600000,-1142300000,1200.9,1970,1971,,,1970.0,1971.0,1970.0,1971.0
STANDARD AGCM,ALBERTA,3036086,46849,71440.0,PSD,51.23,-112.98,511342005,-1125855006,901.0,2007,2024,2008.0,2024.0,2007.0,2024.0,2007.0,2007.0
STAVELY AAFC,ALBERTA,3036099,27200,71555.0,WXN,50.18,-113.88,501100000,-1135300000,1363.6,1996,2024,1996.0,2024.0,1996.0,2024.0,1997.0,2007.0
STRATHMORE AGDM,ALBERTA,3036205,42725,71526.0,PST,51.03,-113.28,510200000,-1131700000,967.0,2004,2024,2004.0,2024.0,2004.0,2024.0,2004.0,2007.0
SUFFIELD A,ALBERTA,3036240,2312,71128.0,YSD,50.27,-111.18,501600000,-1111100000,769.6,1950,2020,1953.0,2020.0,1950.0,2008.0,1950.0,2007.0
TIDE LAKE AGCM,ALBERTA,3036485,50919,,PTE,50.46,-111.32,502720052,-1111917039,766.0,2012,2024,2012.0,2024.0,2018.0,2024.0,,
TRAVERS AGCM,ALBERTA,3036500,46914,71848.0,PTR,50.3,-112.86,501813008,-1125145007,955.0,2007,2024,2008.0,2024.0,2007.0,2024.0,2007.0,2007.0
VAUXHALL CDA CS,ALBERTA,3036682,10889,71251.0,WVO,50.05,-112.13,500300000,-1120800000,779.0,1993,2024,1994.0,2024.0,1993.0,2024.0,1996.0,2007.0
WRENTHAM AGDM,ALBERTA,3037675,31412,71343.0,XWM,49.5,-112.12,493000000,-1120700000,943.94,2002,2024,2002.0,2024.0,2002.0,2024.0,2002.0,2007.0
SPRINGBANK A,ALBERTA,303F0PP,2171,71860.0,YBW,51.1,-114.37,510611000,-1142228000,1200.9,1984,2012,1984.0,2012.0,1984.0,2012.0,1985.0,2007.0
DEL BONITA AGDM,ALBERTA,3042045,32256,71224.0,XDB,49.05,-112.82,490300000,-1124900000,1310.0,1992,2024,1992.0,2024.0,2002.0,2024.0,2002.0,2007.0
MANYBERRIES AGCM,ALBERTA,3044203,46809,71051.0,PMB,49.36,-110.68,492150000,-1104041005,927.0,2007,2024,2008.0,2024.0,2007.0,2024.0,2007.0,2007.0
MASINASIN AGDM,ALBERTA,3044232,31411,71345.0,XMN,49.14,-111.65,490812044,-1113906084,947.9,2002,2024,2002.0,2024.0,2002.0,2024.0,2002.0,2007.0
MILK RIVER,ALBERTA,3044533,8804,71244.0,WRY,49.13,-112.05,490800000,-1120300000,1050.0,1994,2024,1994.0,2024.0,1994.0,2024.0,1996.0,2007.0
MILK RIVER RIDGE RESERVOIR,ALBERTA,3044545,45767,71015.0,PRR,49.28,-112.54,491702000,-1123218000,1305.0,2007,2024,2007.0,2024.0,2007.0,2024.0,2007.0,2007.0
ONEFOUR CDA,ALBERTA,3044923,10725,71116.0,WOE,49.12,-110.47,490700000,-1102800000,935.0,1994,2024,1994.0,2024.0,1994.0,2024.0,1996.0,2007.0
PAKOWKI LAKE AGCM,ALBERTA,3045000,46912,71070.0,PPL,49.22,-111.13,491329006,-1110734006,915.0,2007,2024,2008.0,2024.0,2007.0,2024.0,2007.0,2007.0
PINHORN AGCM,ALBERTA,3045100,51498,,PZN,49.03,-111.03,490144022,-1110130061,1061.0,2013,2024,2013.0,2024.0,2018.0,2024.0,,
WARNER AGCM,ALBERTA,3046951,51497,,PZW,49.28,-112.16,491658051,-1120937066,1004.0,2013,2024,2013.0,2024.0,2018.0,2024.0,,
BANFF CS,ALBERTA,3050519,27378,71122.0,WZG,51.19,-115.55,511136090,-1153308050,1396.9,1995,2024,1997.0,2024.0,1995.0,2024.0,1995.0,2007.0
BEAVER MINES,ALBERTA,3050602,50028,71304.0,PBM,49.47,-114.18,492804500,-1141030000,1257.0,2012,2024,2012.0,2024.0,2012.0,2024.0,,
BOW VALLEY,ALBERTA,3050778,10222,71232.0,WXA,51.08,-115.07,510500000,-1150400000,1297.5,1993,2024,1994.0,2024.0,1993.0,2024.0,1996.0,2007.0
BULLHORN COULEE RESERVOIR,ALBERTA,3050960,45747,71839.0,PBR,49.3,-113.36,491743000,-1132131000,1115.0,2006,2024,2006.0,2024.0,2007.0,2024.0,2007.0,2007.0
BULLHORN HEADWATERS,ALBERTA,3050965,45749,71016.0,PBH,49.15,-113.55,490909000,-1133302000,1326.0,2007,2024,2007.0,2024.0,2007.0,2024.0,2007.0,2007.0
CROWSNEST,ALBERTA,3051R4R,10890,71236.0,WRT,49.63,-114.48,493739090,-1142855020,1303.0,1993,2024,1994.0,2024.0,1993.0,2024.0,1996.0,2007.0
JASPER WARDEN,ALBERTA,3053536,10223,71486.0,WJW,52.93,-118.03,525535000,-1180147000,1020.0,1994,2024,1994.0,2024.0,1994.0,2024.0,1996.0,2007.0
NORDEGG CS,ALBERTA,3054843,30543,71060.0,XND,52.49,-116.04,522931090,-1160224000,1332.0,2000,2024,2001.0,2024.0,2000.0,2024.0,2000.0,2007.0
PEKISKO,ALBERTA,3055119,10665,71669.0,NPK,50.37,-114.42,502206007,-1142456001,1415.0,1998,2024,2005.0,2024.0,1998.0,2024.0,1998.0,2007.0
ST. MARY RESERVOIR,ALBERTA,3056100,45727,71837.0,PMR,49.36,-113.11,492141000,-1130636000,1128.0,2006,2024,2006.0,2024.0,2007.0,2024.0,2007.0,2007.0
WATERTON PARK GATE,ALBERTA,3056214,26850,71154.0,WGM,49.13,-113.81,490752080,-1134831010,1289.0,1994,2024,1994.0,2024.0,1994.0,2024.0,1996.0,2007.0
TURTLE MOUNTAIN,ALBERTA,30566M2,10200,,WQA,49.58,-114.42,493500000,-1142500000,2164.0,1994,1998,1994.0,1998.0,,,,
WHITECOURT A,ALBERTA,3057376,52982,,YZU,54.14,-115.79,540838000,-1154712000,782.4,2014,2024,2014.0,2024.0,2018.0,2024.0,,
NAKISKA RIDGETOP,ALBERTA,305MGFF,10104,71245.0,WNR,50.94,-115.19,505633000,-1151125000,2543.0,1994,2024,1994.0,2024.0,1994.0,2024.0,1999.0,2006.0
ATHABASCA AGCM,ALBERTA,3060330,47047,71271.0,PAF,54.63,-113.38,543805003,-1132255008,635.0,2008,2024,2008.0,2024.0,2008.0,2024.0,,
ATMORE AGDM,ALBERTA,3060406,32231,71287.0,XAJ,54.78,-112.83,544654000,-1124930000,574.0,1992,2024,1992.0,2024.0,2002.0,2024.0,2003.0,2007.0
BARRHEAD CS,ALBERTA,3060535,30641,71061.0,XBD,54.09,-114.45,540541000,-1142651000,648.0,2000,2024,2000.0,2024.0,2000.0,2024.0,2001.0,2007.0
CAMPSIE AUTO,ALBERTA,3061201,51899,71636.0,PZC,54.13,-114.68,540750041,-1144039055,647.0,2013,2024,2013.0,2024.0,2013.0,2024.0,,
CARROT CREEK,ALBERTA,3061350,53918,,PCF,53.62,-115.89,533723030,-1155337070,861.0,2015,2024,2015.0,2024.0,2018.0,2024.0,,
DAPP AGDM,ALBERTA,3061975,31414,71340.0,XDP,54.32,-113.95,541900000,-1135700000,614.2,1990,2021,1990.0,2021.0,2001.0,2021.0,2001.0,2007.0
EDSON,ALBERTA,3062239,48948,71167.0,YET,53.58,-116.47,533444000,-1162754000,926.9,2010,2024,2010.0,2024.0,2010.0,2024.0,,
EDSON A,ALBERTA,3062242,10793,71881.0,YET,53.6,-116.48,533542000,-1162851000,925.4,1992,2007,1994.0,2006.0,1992.0,2007.0,1997.0,2007.0
EDSON A,ALBERTA,3062244,2507,,,53.58,-116.47,533500000,-1162800000,927.2,1970,1999,1970.0,1999.0,1970.0,1998.0,1970.0,1998.0
EDSON AWOS A,ALBERTA,3062245,31588,71881.0,PDS,53.58,-116.47,533444000,-1162754000,926.9,2006,2011,2006.0,2011.0,2006.0,2010.0,,
EDSON CLIMATE,ALBERTA,3062246,27213,71156.0,ZZJ,53.58,-116.45,533449007,-1162712007,927.0,1996,2024,1996.0,2024.0,1996.0,2024.0,1996.0,2007.0
EMBARRAS A,ALBERTA,3062360,2509,,,58.2,-111.38,581200000,-1112300000,236.2,1943,1962,1953.0,1962.0,1943.0,1962.0,1943.0,1962.0
EVANSBURG AGCM,ALBERTA,3062475,47072,71481.0,PEB,53.57,-115.12,533423007,-1150725001,819.0,2008,2016,2008.0,2015.0,2008.0,2016.0,,
EVANSBURG2 AGCM,ALBERTA,3062476,54358,71481.0,PNB,53.61,-115.06,533650000,-1150344089,785.0,2016,2024,2016.0,2024.0,2016.0,2024.0,,
FORT ASSINIBOINE AGCM,ALBERTA,3062660,47128,71483.0,PFB,54.41,-114.77,542437005,-1144609005,676.0,2008,2024,2008.0,2024.0,2008.0,2024.0,,
FORT MCMURRAY A,ALBERTA,3062693,2519,,,56.65,-111.22,563900000,-1111300000,369.1,1944,2008,1953.0,2008.0,1944.0,2008.0,1944.0,2007.0
FORT MCMURRAY CS,ALBERTA,3062696,27216,71585.0,XMM,56.65,-111.21,563904000,-1111248000,368.8,1996,2024,1999.0,2024.0,1996.0,2024.0,1996.0,2007.0
FORT MCMURRAY A,ALBERTA,3062697,49490,71689.0,YMM,56.65,-111.22,563912000,-1111324000,369.1,2011,2024,2011.0,2024.0,2011.0,2024.0,,
FORT MCMURRAY AWOS A,ALBERTA,3062700,31288,,,56.65,-111.22,563912000,-1111324000,369.1,2008,2011,2008.0,2011.0,2008.0,2011.0,,
HENDRICKSON CREEK,ALBERTA,3063135,26870,71979.0,WPA,53.8,-118.45,534742001,-1182648005,1448.0,1995,2024,1995.0,2024.0,1995.0,2024.0,1998.0,2007.0
HIGH PRAIRIE A,ALBERTA,3063162,2531,,,55.4,-116.48,552400000,-1162900000,601.7,1980,1995,,,1980.0,1995.0,1980.0,1995.0
HIGH PRAIRIE AGDM,ALBERTA,3063165,32274,71226.0,XHP,55.4,-116.48,552345001,-1162846008,601.7,2002,2024,2002.0,2024.0,2002.0,2024.0,2002.0,2007.0
ISLAND LAKE SOUTH,ALBERTA,3063600,53358,71654.0,PII,54.82,-113.54,544915059,-1133236096,618.7,2015,2024,2015.0,2024.0,2015.0,2024.0,,
KINIKINIK,ALBERTA,3063640,53999,,PKK,54.56,-112.98,543347070,-1125852020,629.0,2015,2024,2015.0,2024.0,2018.0,2024.0,,
LAC LA BICHE A,ALBERTA,3063684,2549,,,54.77,-112.02,544600000,-1120100000,565.1,1972,1981,,,1972.0,1981.0,1972.0,1981.0
LAC LA BICHE CLIMATE,ALBERTA,3063686,30726,71316.0,WLB,54.77,-112.02,544608000,-1120125000,567.0,2001,2024,2003.0,2024.0,2001.0,2024.0,2001.0,2007.0
MILDRED LAKE,ALBERTA,3064528,10978,71255.0,WMX,57.04,-111.56,570228000,-1113332000,310.0,1993,2023,1994.0,2023.0,1993.0,2023.0,1994.0,2007.0
PLEASANT VIEW,ALBERTA,3065200,54000,,PPV,54.96,-113.32,545750020,-1131914080,649.0,2015,2024,2015.0,2024.0,2018.0,2024.0,,
PRIMROSE LAKE DND,ALBERTA,3065304,8893,,WIQ,54.75,-110.05,544500000,-1100300000,702.0,1994,2013,1994.0,2013.0,,,,
RICH LAKE AGDM,ALBERTA,3065475,31413,71349.0,XRL,54.5,-111.7,543000000,-1114200000,585.0,1997,2024,1997.0,2024.0,2001.0,2024.0,2001.0,2007.0
ISPAS,ALBERTA,3065712,53198,,PLY,53.85,-111.84,535105000,-1115007020,655.0,2014,2024,2014.0,2024.0,2018.0,2024.0,,
SLAVE LAKE,ALBERTA,3065995,49369,71369.0,YZH,55.29,-114.78,551735000,-1144638000,582.8,2011,2024,2011.0,2024.0,2011.0,2024.0,,
SLAVE LAKE RCS,ALBERTA,3065997,50777,71693.0,PZH,55.29,-114.78,551735000,-1144638000,582.8,2012,2024,2012.0,2024.0,2012.0,2024.0,,
SLAVE LAKE A,ALBERTA,3065999,10864,,,55.28,-114.78,551700000,-1144700000,582.8,1992,2007,1994.0,2006.0,1992.0,2007.0,1994.0,2007.0
SLAVE LAKE A,ALBERTA,3066001,2608,,,55.3,-114.78,551800000,-1144700000,580.6,1970,1999,1971.0,1999.0,1970.0,1997.0,1970.0,1997.0
SLAVE LAKE AWOS A,ALBERTA,3066002,31528,,PLV,55.29,-114.78,551735000,-1144638000,582.78,2006,2014,2006.0,2014.0,2006.0,2014.0,,
TAWATINAW AGCM,ALBERTA,3066367,47108,71549.0,PTA,54.3,-113.52,541759009,-1133113001,611.0,2008,2024,2008.0,2024.0,2008.0,2024.0,,
WHITECOURT,ALBERTA,3067371,27658,,XZU,54.14,-115.78,540823008,-1154702000,784.7,1998,2016,1999.0,2016.0,1998.0,2016.0,1999.0,2007.0
WHITECOURT A,ALBERTA,3067372,2632,,YZU,54.14,-115.79,540838000,-1154712000,782.4,1978,2019,1978.0,2014.0,1978.0,2019.0,1978.0,2007.0
WHITECOURT A,ALBERTA,3067373,51444,71930.0,YZU,54.14,-115.79,540838000,-1154712000,782.4,2014,2024,2014.0,2024.0,2014.0,2018.0,,
PRAIRIE RIVER,ALBERTA,306A008,27845,71593.0,XPV,58.63,-111.68,583738020,-1114046020,211.8,1999,2009,1999.0,2009.0,1999.0,2009.0,1999.0,2007.0
PRIMROSE LAKE 2,ALBERTA,306E304,10807,,WOU,54.79,-110.06,544720000,-1100335000,605.9,1992,2000,1994.0,2000.0,1992.0,2000.0,,
WILLOW CREEK 1,ALBERTA,306GE70,10930,71252.0,WWO,53.39,-118.35,532308000,-1182051000,1370.0,1993,2024,1994.0,2024.0,1993.0,2024.0,1996.0,2007.0
DUCK LAKE AGCM,ALBERTA,306X001,55419,,PX3,54.68,-113.94,544057000,-1135629004,650.0,2023,2024,2023.0,2024.0,2023.0,2024.0,,
BALLATER AGCM,ALBERTA,3070495,49048,,PBC,55.58,-117.24,553437000,-1171408000,560.0,2010,2024,2010.0,2024.0,2018.0,2024.0,,
BEAVERLODGE RCS,ALBERTA,3070600,30669,71230.0,WBM,55.2,-119.4,551148002,-1192347090,745.0,2001,2024,2001.0,2024.0,2001.0,2024.0,2001.0,2007.0
BROWNVALE AGCM,ALBERTA,3070800,47067,71283.0,PBN,56.12,-117.89,560704000,-1175311008,748.0,2008,2024,2008.0,2024.0,2008.0,2024.0,,
CLEAR HILLS AGCM,ALBERTA,3071661,51838,,PCS,56.53,-117.93,563144058,-1175600068,672.0,2013,2024,2013.0,2024.0,2018.0,2024.0,,
DEADWOOD AGCM,ALBERTA,3071957,51839,,PDO,56.72,-117.54,564255042,-1173236060,551.0,2013,2024,2013.0,2024.0,2018.0,2024.0,,
EAGLESHAM AGCM,ALBERTA,3072151,47071,71461.0,PEL,55.81,-117.89,554829002,-1175312000,563.0,2008,2024,2008.0,2024.0,2008.0,2024.0,,
EGG ISLAND,ALBERTA,3072246,31027,71404.0,XEL,58.98,-110.44,585853070,-1102622062,214.9,1993,2024,1993.0,2024.0,2001.0,2024.0,2005.0,2007.0
FAIRVIEW AGDM,ALBERTA,3072525,31469,71347.0,XFR,56.08,-118.44,560453006,-1182622005,654.55,1997,2024,1997.0,2024.0,2002.0,2024.0,2002.0,2007.0
FORT CHIPEWYAN,ALBERTA,3072655,48975,71305.0,YPY,58.77,-111.12,584602000,-1110702000,238.0,2011,2024,2011.0,2024.0,2011.0,2024.0,,
FORT CHIPEWYAN A,ALBERTA,3072658,2704,,,58.77,-111.12,584600000,-1110700000,232.0,1967,2007,1967.0,2006.0,1967.0,2007.0,1967.0,2007.0
FORT CHIPEWYAN RCS,ALBERTA,3072659,50757,71056.0,PCH,58.77,-111.12,584602000,-1110702000,238.0,2012,2024,2012.0,2024.0,2012.0,2024.0,,
FORT CHIPEWYAN AWOS A,ALBERTA,3072662,31608,,PCP,58.77,-111.12,584602000,-1110702000,238.0,2006,2016,2006.0,2016.0,2006.0,2011.0,,
FORT VERMILION,ALBERTA,3072723,30495,71024.0,XFV,58.38,-116.04,582256300,-1160224600,289.0,2000,2024,2000.0,2024.0,2000.0,2024.0,2000.0,2007.0
GRANDE CACHE,ALBERTA,307288R,2715,,WAM,53.92,-118.87,535500000,-1185200000,1255.2,1985,2005,,,1985.0,2005.0,1985.0,2005.0
GRANDE PRAIRIE A,ALBERTA,3072920,2718,71940.0,YQU,55.18,-118.89,551047000,-1185306000,669.0,1942,2013,1953.0,2013.0,1942.0,2013.0,1942.0,2007.0
GRANDE PRAIRIE A,ALBERTA,3072921,51422,71940.0,YQU,55.18,-118.88,551048000,-1185305000,669.0,2013,2024,2013.0,2024.0,2013.0,2024.0,,
HAWK HILLS AGCM,ALBERTA,3073071,47075,71507.0,PHW,57.26,-117.3,571553001,-1171751009,455.0,2008,2024,2008.0,2024.0,2008.0,2024.0,,
HIGH LEVEL A,ALBERTA,3073140,49928,71066.0,YOJ,58.62,-117.16,583718000,-1170953000,338.02,2011,2024,2011.0,2024.0,2011.0,2024.0,,
HIGH LEVEL A,ALBERTA,3073141,50622,,YOJ,58.62,-117.16,583718000,-1170953000,338.0,2012,2024,2012.0,2024.0,,,,
HIGH LEVEL A,ALBERTA,3073145,2725,,,58.52,-117.1,583100000,-1170600000,326.7,1967,1970,1967.0,1970.0,1967.0,1970.0,1967.0,1970.0
HIGH LEVEL A,ALBERTA,3073146,2726,,YOJ,58.62,-117.16,583717000,-1170953000,338.02,1970,2022,1970.0,2012.0,1970.0,2022.0,1970.0,2007.0
HIGH LEVEL,ALBERTA,3073148,55118,73085.0,PHJ,58.63,-117.16,583753030,-1170950015,339.0,2020,2024,2020.0,2024.0,2020.0,2024.0,,
JEAN COTE AGCM,ALBERTA,3073535,47077,71541.0,PJT,55.91,-117.12,555446006,-1170711006,638.0,2008,2024,2008.0,2024.0,2008.0,2024.0,,
KEG RIVER AGCM,ALBERTA,3073644,51840,,PKG,57.79,-117.68,574715001,-1174036000,408.0,2013,2024,2013.0,2024.0,2018.0,2024.0,,
LA CRETE AGCM,ALBERTA,3073730,47147,71542.0,PLC,58.17,-116.34,581019008,-1162034002,323.0,2008,2024,2008.0,2024.0,2008.0,2024.0,,
LA GLACE AGCM,ALBERTA,3073740,47087,71543.0,PLG,55.42,-119.25,552519001,-1191517002,760.0,2008,2024,2008.0,2024.0,2008.0,2024.0,,
MANNING,ALBERTA,3074182,2750,,WAI,56.95,-117.64,565703000,-1173839000,491.3,1985,2019,,,1985.0,2019.0,1985.0,2007.0
MANNING AGDM,ALBERTA,3074190,32394,71229.0,XMG,56.97,-117.45,565826000,-1172703002,457.0,2002,2024,2002.0,2024.0,2002.0,2024.0,2002.0,2007.0
CLEARDALE AGDM,ALBERTA,3074935,32255,71221.0,XCD,56.31,-119.75,561852009,-1194442000,630.0,1990,2024,1990.0,2024.0,2003.0,2024.0,2003.0,2007.0
PEACE RIVER A,ALBERTA,3075040,2770,71068.0,YPE,56.23,-117.45,561337000,-1172650000,570.9,1944,2014,1955.0,2014.0,1944.0,2014.0,1944.0,2007.0
PEACE RIVER A,ALBERTA,3075041,52258,71068.0,YPE,56.23,-117.45,561338000,-1172654000,570.9,2014,2024,2014.0,2024.0,2014.0,2024.0,,
ROMA,ALBERTA,3075043,55098,73104.0,PRV,56.19,-117.45,561135096,-1172707005,559.53,2020,2024,2020.0,2024.0,2020.0,2024.0,,
PEORIA AGDM,ALBERTA,3075160,31468,71348.0,XPA,55.62,-118.29,553716005,-1181735001,621.21,1994,2024,1994.0,2024.0,2002.0,2024.0,2002.0,2007.0
RED EARTH,ALBERTA,3075488,10183,71246.0,WRD,56.55,-115.28,563307070,-1151640040,546.0,1994,2024,1994.0,2024.0,1994.0,2024.0,1996.0,2007.0
ROCKY LANE AGCM,ALBERTA,3075550,51841,,PKY,58.45,-116.48,582706057,-1162850015,301.0,2013,2024,2013.0,2024.0,2018.0,2024.0,,
RYCROFT AGCM,ALBERTA,3075601,47090,71546.0,PRF,55.78,-118.67,554636005,-1184005003,575.0,2008,2024,2008.0,2024.0,2008.0,2024.0,,
SAVANNA AGCM,ALBERTA,3075770,47107,71547.0,PSW,56.08,-119.34,560434002,-1192041008,703.0,2008,2024,2008.0,2024.0,2008.0,2024.0,,
SOUSA CREEK (AUT),ALBERTA,3076056,10733,,WSH,58.59,-118.49,583529000,-1182935000,373.3,1994,2002,1994.0,2002.0,1994.0,2002.0,1996.0,2001.0
SPIRIT RIVER AUTO STATION,ALBERTA,3076069,29633,71571.0,XSR,55.69,-119.23,554141008,-1191349004,1015.28,1999,2018,1999.0,2018.0,1999.0,2018.0,1999.0,2007.0
SWEETGRASS LANDING,ALBERTA,3076330,52478,,PSQ,58.85,-112.0,585110400,-1115949200,212.0,2014,2024,2014.0,2024.0,2018.0,2024.0,,
TEEPEE CREEK AGCM,ALBERTA,3076366,47109,71690.0,PTC,55.35,-118.41,552108007,-1182427004,670.0,2008,2024,2008.0,2024.0,2008.0,2024.0,,
TOMPKINS LANDING AGCM,ALBERTA,3076530,51858,,NTL,58.02,-116.85,580114082,-1165052068,343.0,2013,2024,2013.0,2024.0,2018.0,2024.0,,
VALLEYVIEW AGDM,ALBERTA,3076680,32460,71277.0,XVW,55.1,-117.2,550553000,-1171157000,698.0,1998,2024,1998.0,2024.0,2002.0,2024.0,2002.0,2007.0
GARDEN RIVER,ALBERTA,307KPFP,10932,71253.0,WGF,58.71,-113.87,584239000,-1135159300,240.8,1993,2024,1994.0,2024.0,1993.0,2024.0,1996.0,2007.0
COLD LAKE A,ALBERTA,3081680,2832,71120.0,YOD,54.42,-110.28,542500000,-1101700000,541.0,1952,2024,1954.0,2024.0,1952.0,2024.0,1953.0,2017.0
DUPRE AGCM,ALBERTA,3081690,47070,71414.0,PDU,54.37,-110.87,542201004,-1105204003,556.0,2008,2024,2008.0,2024.0,2008.0,2024.0,,
BEAVERDAM AGCM,ALBERTA,308X001,55418,,PX2,54.18,-110.32,541037092,-1101922008,592.0,2023,2024,2023.0,2024.0,2023.0,2024.0,,
BRATT'S LAKE CLIMATE,SASKATCHEWAN,4010811,44543,71569.0,XBK,50.2,-104.71,501202001,-1044236000,580.0,2005,2024,2006.0,2024.0,2005.0,2024.0,2006.0,2007.0
BROADVIEW,SASKATCHEWAN,4010879,2855,71861.0,WIK,50.37,-102.57,502205000,-1023415000,599.8,1965,2024,1965.0,2024.0,1965.0,2024.0,1965.0,2007.0
BROADVIEW A,SASKATCHEWAN,4010880,2856,,,50.25,-102.53,501500000,-1023200000,619.7,1938,1965,1953.0,1965.0,1938.0,1965.0,1938.0,1965.0
DAFOE A,SASKATCHEWAN,4012040,2877,,,51.93,-104.57,515600000,-1043400000,539.8,1944,1964,,,1944.0,1964.0,1944.0,1964.0
ESTEVAN A,SASKATCHEWAN,4012400,2896,,,49.22,-102.97,491300000,-1025800000,580.3,1944,2015,1953.0,2015.0,1944.0,2015.0,1944.0,2015.0
ESTEVAN A,SASKATCHEWAN,4012401,53520,,YEN,49.21,-102.97,491237000,-1025757000,580.3,2015,2018,2015.0,2018.0,2015.0,2018.0,,
ESTEVAN A,SASKATCHEWAN,4012403,54261,71862.0,YEN,49.21,-102.97,491237000,-1025757000,580.3,2015,2024,2015.0,2024.0,2018.0,2024.0,,
ESTEVAN,SASKATCHEWAN,4012410,49728,71559.0,PJM,49.22,-102.97,491300000,-1025800000,580.6,2011,2024,2011.0,2024.0,2011.0,2024.0,,
INDIAN HEAD CDA,SASKATCHEWAN,4013480,2925,71515.0,WBD,50.55,-103.65,503300000,-1033900000,579.1,1885,2024,1995.0,2024.0,1885.0,2024.0,1885.0,2007.0
LAST MOUNTAIN CS,SASKATCHEWAN,4014156,2942,71556.0,WXG,51.42,-105.25,512500000,-1051500000,497.0,1975,2024,1996.0,2024.0,1975.0,2024.0,1975.0,2007.0
MOOSE JAW A,SASKATCHEWAN,4015320,2967,71864.0,YMJ,50.33,-105.57,502000000,-1053400000,576.7,1943,2024,1954.0,2024.0,1943.0,1999.0,1943.0,1998.0
MOOSE JAW CS,SASKATCHEWAN,4015322,27476,71539.0,ZMJ,50.33,-105.54,501954050,-1053215030,577.0,1997,2024,1997.0,2024.0,1998.0,2024.0,1998.0,2007.0
REGINA INT'L A,SASKATCHEWAN,4016560,3002,71863.0,YQR,50.43,-104.67,502600000,-1044000000,577.6,1883,2013,1953.0,2013.0,1883.0,2013.0,1883.0,2007.0
REGINA INTL A,SASKATCHEWAN,4016566,51441,,YQR,50.43,-104.67,502556000,-1043958000,577.6,2013,2024,2013.0,2024.0,2018.0,2024.0,,
REGINA RCS,SASKATCHEWAN,4016699,28011,71514.0,WDJ,50.43,-104.67,502600000,-1044000000,577.3,1996,2024,1996.0,2024.0,1999.0,2024.0,1999.0,2007.0
WATROUS EAST,SASKATCHEWAN,4018642,10785,71511.0,WIW,51.67,-105.4,514000000,-1052400000,525.6,1992,2024,1994.0,2024.0,1992.0,2024.0,1996.0,2007.0
WYNYARD,SASKATCHEWAN,4019035,3058,,WYO,51.77,-104.2,514600000,-1041200000,560.8,1939,2005,1964.0,1991.0,1939.0,2005.0,1939.0,2005.0
YELLOW GRASS NORTH,SASKATCHEWAN,4019041,54518,73001.0,PYS,49.82,-104.18,494900000,-1041100000,578.0,2016,2024,2016.0,2024.0,2016.0,2024.0,,
YORKTON,SASKATCHEWAN,4019073,49808,71886.0,PRJ,51.26,-102.46,511553000,-1022752000,498.4,2011,2024,2011.0,2024.0,2011.0,2024.0,,
YORKTON,SASKATCHEWAN,4019075,48977,71292.0,YQV,51.26,-102.46,511553000,-1022742000,498.3,2011,2024,2011.0,2024.0,2011.0,2024.0,,
YORKTON A,SASKATCHEWAN,4019080,3062,71138.0,YQV,51.27,-102.47,511600000,-1022800000,498.3,1941,2005,1953.0,2005.0,1941.0,2005.0,1941.0,2005.0
YORKTON AWOS,SASKATCHEWAN,4019083,30366,,ZQV,51.27,-102.47,511600000,-1022800000,498.3,2005,2005,2005.0,2005.0,,,,
YORKTON,SASKATCHEWAN,4019085,44203,71138.0,YQV,51.26,-102.46,511553000,-1022742000,498.3,2005,2011,2005.0,2011.0,2005.0,2011.0,2005.0,2007.0
WYNYARD (AUT),SASKATCHEWAN,40190LN,10660,71865.0,WOY,51.77,-104.2,514600000,-1041200000,560.1,1992,2024,1994.0,2024.0,1992.0,2024.0,1999.0,2007.0
WEYBURN,SASKATCHEWAN,401HP5R,10666,71452.0,WWF,49.7,-103.8,494200000,-1034800000,588.6,1992,2024,1994.0,2024.0,1992.0,2024.0,1996.0,2007.0
BROADVIEW,SASKATCHEWAN,401I010,26851,,WXU,50.38,-102.68,502300000,-1024100000,600.1,1995,2009,1995.0,2003.0,1995.0,2009.0,1996.0,2003.0
ASSINIBOIA AIRPORT,SASKATCHEWAN,4020286,10805,71487.0,WJI,49.73,-105.95,494345090,-1055646010,725.5,1992,2024,1994.0,2024.0,1992.0,2024.0,1996.0,2007.0
ELBOW CS,SASKATCHEWAN,4022359,3088,71450.0,WOK,51.13,-106.58,510800000,-1063500000,595.0,1972,2024,1994.0,2024.0,1973.0,2024.0,1972.0,2007.0
LUCKY LAKE,SASKATCHEWAN,4024714,10724,71455.0,WLE,50.95,-107.15,505700000,-1070900000,664.7,1992,2024,1994.0,2024.0,1992.0,2024.0,1996.0,2007.0
MAPLE CREEK,SASKATCHEWAN,4024919,10667,71453.0,WMQ,49.9,-109.47,495409050,-1092758060,766.7,1992,2024,1994.0,2024.0,1992.0,2024.0,1996.0,2007.0
SWIFT CURRENT,SASKATCHEWAN,4028038,48976,71142.0,YYN,50.29,-107.69,501731000,-1074126000,816.9,2011,2024,2011.0,2024.0,2011.0,2024.0,,
SWIFT CURRENT A,SASKATCHEWAN,4028040,3155,71870.0,YYN,50.3,-107.68,501800000,-1074100000,816.86,1938,2011,1953.0,2011.0,1938.0,2011.0,1938.0,2007.0
SWIFT CURRENT CDA,SASKATCHEWAN,4028060,3157,71446.0,WVC,50.27,-107.73,501600000,-1074400000,825.0,1959,2024,1994.0,2024.0,1959.0,2024.0,1959.0,2007.0
LEADER AIRPORT,SASKATCHEWAN,402DAF0,10795,71459.0,WJX,50.91,-109.5,505434070,-1093005010,675.5,1992,2024,1994.0,2024.0,1992.0,2024.0,1996.0,2007.0
CORONACH SPC,SASKATCHEWAN,40318MN,3172,71516.0,WAQ,49.05,-105.48,490300000,-1052900000,756.0,1980,2024,1995.0,2024.0,1980.0,2024.0,1980.0,2007.0
CYPRESS HILLS PARK,SASKATCHEWAN,4031999,10888,71139.0,WVP,49.64,-109.51,493826009,-1093052004,1270.6,1992,2024,1994.0,2024.0,1992.0,2024.0,1996.0,2007.0
EASTEND CYPRESS (AUT),SASKATCHEWAN,4032322,7485,71131.0,WEH,49.44,-108.99,492616010,-1085919050,1079.6,1992,2024,1994.0,2024.0,1992.0,2024.0,1997.0,2007.0
MANKOTA,SASKATCHEWAN,4034910,3186,71204.0,PMK,49.1,-107.02,490557000,-1070128030,830.0,1962,2024,2012.0,2024.0,1962.0,2024.0,1962.0,2007.0
ROCKGLEN (AUT),SASKATCHEWAN,4036844,3193,71135.0,WKO,49.17,-105.98,491004040,-1055845060,917.0,1970,2024,1970.0,2024.0,1970.0,2024.0,1971.0,2007.0
VAL MARIE SOUTHEAST,SASKATCHEWAN,4038412,10821,71137.0,WVN,49.06,-107.59,490330001,-1073509010,796.0,1992,2024,1994.0,2024.0,1992.0,2024.0,1996.0,2007.0
KINDERSLEY A,SASKATCHEWAN,4043899,54280,,YKY,51.52,-109.18,513055000,-1091050000,693.7,2016,2024,2016.0,2024.0,2018.0,2024.0,,
KINDERSLEY A,SASKATCHEWAN,4043900,3231,71129.0,YKY,51.52,-109.18,513100000,-1091100000,693.72,1984,2013,1984.0,2013.0,1984.0,2013.0,1984.0,2013.0
KINDERSLEY A,SASKATCHEWAN,4043901,51739,71129.0,YKY,51.52,-109.18,513055000,-1091050000,693.7,2013,2024,2013.0,2024.0,2013.0,2024.0,,
KINDERSLEY AIRPORT,SASKATCHEWAN,4043902,55278,73097.0,PSY,51.52,-109.18,513058003,-1091040032,691.11,2021,2024,2021.0,2024.0,2021.0,2024.0,,
NORTH BATTLEFORD A,SASKATCHEWAN,4045600,3244,71876.0,YQW,52.77,-108.26,524619004,-1081520007,548.33,1942,2005,1953.0,2005.0,1942.0,2005.0,1942.0,2005.0
NORTH BATTLEFORD RCS,SASKATCHEWAN,4045607,44344,71754.0,PQW,52.77,-108.26,524619004,-1081520007,548.0,2005,2024,2005.0,2024.0,2005.0,2024.0,2006.0,2007.0
NORTH BATTLEFORD,SASKATCHEWAN,4045695,48609,71876.0,YQW,52.77,-108.24,524609000,-1081437000,548.3,2010,2024,2010.0,2024.0,2010.0,2024.0,,
ROSETOWN EAST,SASKATCHEWAN,4046884,10784,71510.0,WRJ,51.57,-107.92,513400000,-1075500000,586.0,1992,2024,1994.0,2024.0,1992.0,2024.0,1996.0,2007.0
SCOTT CDA,SASKATCHEWAN,4047240,3259,71489.0,WTS,52.36,-108.83,522135064,-1085005004,659.6,1911,2024,1997.0,2024.0,1911.0,2024.0,1911.0,2007.0
SCOTT CS,SASKATCHEWAN,4047241,27490,71489.0,WTS,52.36,-108.83,522135064,-1085005004,659.6,1998,2007,,,1998.0,2007.0,1998.0,2007.0
WASECA RCS,SASKATCHEWAN,4048521,51798,71663.0,PWX,53.13,-109.41,530753008,-1092418006,640.0,2013,2024,2013.0,2024.0,2013.0,2024.0,,
MELFORT,SASKATCHEWAN,4055079,10727,71456.0,WFF,52.82,-104.6,524900000,-1043600000,490.0,1992,2024,1994.0,2024.0,1992.0,2024.0,1996.0,2007.0
OUTLOOK PFRA,SASKATCHEWAN,4055736,3318,71551.0,WYE,51.48,-107.05,512900000,-1070300000,541.0,1952,2024,1996.0,2024.0,1952.0,2024.0,1952.0,2007.0
PILGER,SASKATCHEWAN,4056121,50977,71655.0,PUN,52.42,-105.15,522500000,-1050900000,552.0,2012,2024,2012.0,2024.0,2014.0,2024.0,,
PRINCE ALBERT A,SASKATCHEWAN,4056240,3322,71869.0,YPA,53.22,-105.67,531300000,-1054000000,428.2,1942,2013,1953.0,2013.0,1942.0,2013.0,1942.0,2007.0
PRINCE ALBERT A,SASKATCHEWAN,4056241,51878,71869.0,YPA,53.21,-105.67,531252000,-1054023000,428.2,2013,2024,2013.0,2024.0,2013.0,2024.0,,
PRINCE ALBERT GLASS FIELD,SASKATCHEWAN,4056243,54498,73002.0,PPR,53.21,-105.68,531237000,-1054036000,425.45,2016,2024,2016.0,2024.0,2016.0,2024.0,,
SASKATOON DIEFENBAKER INT'L A,SASKATCHEWAN,4057120,3328,71866.0,YXE,52.17,-106.72,521000000,-1064300000,504.1,1892,2012,1953.0,2012.0,1892.0,2012.0,1892.0,2007.0
SASKATOON INTL A,SASKATCHEWAN,4057152,50091,,YXE,52.17,-106.7,521015000,-1064200000,504.1,2012,2024,2012.0,2024.0,2018.0,2024.0,,
SASKATOON KERNEN FARM,SASKATCHEWAN,4057154,6872,,WCD,52.15,-106.55,520900000,-1063300000,510.0,1993,2006,1996.0,2006.0,1993.0,2006.0,1993.0,2005.0
SASKATOON RCS,SASKATCHEWAN,4057165,47707,71496.0,POX,52.17,-106.72,521025000,-1064308001,504.1,2008,2024,2008.0,2024.0,2008.0,2024.0,,
VANSCOY UPPER AIR,SASKATCHEWAN,4058420,3342,,WVS,52.02,-107.03,520100000,-1070200000,510.0,1961,1969,,,1961.0,1969.0,1962.0,1969.0
BEARTOOTH ISLAND,SASKATCHEWAN,4060468,10713,,WTF,59.22,-109.7,591300000,-1094200000,238.0,1994,2015,1994.0,2001.0,1994.0,2015.0,1998.0,2000.0
BUFFALO NARROWS A,SASKATCHEWAN,4060982,3357,71077.0,YVT,55.83,-108.43,555000000,-1082600000,433.73,1979,2012,1979.0,2012.0,1979.0,2012.0,1979.0,2007.0
BUFFALO NARROWS (AUT),SASKATCHEWAN,4060983,7534,71077.0,WVT,55.84,-108.42,555026008,-1082514009,440.1,1992,2024,1994.0,2024.0,1992.0,2024.0,1998.0,2007.0
BUFFALO NARROWS A,SASKATCHEWAN,4060984,50823,,YVT,55.84,-108.42,555031000,-1082503000,433.7,2012,2019,2012.0,2019.0,,,,
BUFFALO NARROWS A,SASKATCHEWAN,4060988,53020,,YVT,55.84,-108.42,555031000,-1082503000,433.7,2014,2024,2014.0,2024.0,2018.0,2024.0,,
CLUFF LAKE AUTO,SASKATCHEWAN,4061592,27737,,XXX,58.39,-109.52,582328000,-1093059000,338.9,1996,2009,1996.0,2005.0,1999.0,2009.0,1999.0,2005.0
COLLINS BAY SK,SASKATCHEWAN,4061620,53218,71075.0,WWC,58.23,-103.68,581345000,-1034041000,412.6,2015,2024,2015.0,2024.0,2016.0,2024.0,,
COLLINS BAY,SASKATCHEWAN,4061630,3361,,WKC,58.18,-103.7,581100000,-1034200000,491.9,1972,1990,1972.0,1990.0,1972.0,1990.0,1972.0,1990.0
ISLAND FALLS (AUT),SASKATCHEWAN,4063605,42883,71331.0,PIF,55.53,-102.35,553200000,-1022100000,297.4,2004,2024,2004.0,2024.0,2004.0,2024.0,2004.0,2007.0
JIMMY LAKE,SASKATCHEWAN,4063621,7563,,WHN,54.9,-109.97,545400000,-1095800000,636.2,1994,2004,1994.0,2004.0,,,,
JIMMY LAKE AWOS,SASKATCHEWAN,4063623,30724,71023.0,WHN,54.91,-109.96,545430050,-1095743080,637.1,2004,2022,2004.0,2022.0,2004.0,2022.0,,
KEY LAKE,SASKATCHEWAN,4063753,49448,71033.0,PLS,57.25,-105.6,571500000,-1053600000,513.9,2011,2024,2011.0,2024.0,2011.0,2024.0,,
KEY LAKE,SASKATCHEWAN,4063757,48872,71499.0,YKJ,57.26,-105.62,571523000,-1053703000,513.9,2010,2024,2010.0,2024.0,2010.0,2024.0,,
KEY LAKE A,SASKATCHEWAN,4063759,10941,,,57.25,-105.6,571500000,-1053600000,513.89,1993,2010,1994.0,2010.0,1993.0,2010.0,2001.0,2007.0
LA RONGE RCS,SASKATCHEWAN,4064149,29371,71586.0,XOX,55.15,-105.27,550847020,-1051613030,378.6,1999,2024,1999.0,2024.0,1999.0,2024.0,1999.0,2007.0
LA RONGE A,SASKATCHEWAN,4064150,3381,71922.0,YVC,55.15,-105.27,550900000,-1051600000,379.2,1959,2013,1959.0,2013.0,1959.0,2013.0,1959.0,2008.0
LA RONGE A,SASKATCHEWAN,4064155,51425,71922.0,YVC,55.15,-105.27,550905000,-1051601000,379.2,2013,2024,2013.0,2024.0,2013.0,2024.0,,
LOON LAKE RCS,SASKATCHEWAN,4064620,48148,71273.0,PIL,54.02,-109.14,540111000,-1090818000,545.6,2009,2024,2009.0,2024.0,2009.0,2024.0,,
MEADOW LAKE A,SASKATCHEWAN,4065057,52000,71125.0,YLJ,54.13,-108.05,540731000,-1080301022,480.7,2013,2024,2013.0,2024.0,2013.0,2018.0,,
MEADOW LAKE A,SASKATCHEWAN,4065058,3386,71125.0,YLJ,54.13,-108.52,540800000,-1083100000,480.67,1977,2013,1977.0,2013.0,1977.0,2013.0,1977.0,2008.0
MEADOW LAKE A,SASKATCHEWAN,4065063,53021,,YLJ,54.13,-108.52,540731000,-1083122000,480.7,2014,2024,2014.0,2024.0,2018.0,2024.0,,
SOUTHEND,SASKATCHEWAN,4067655,10242,71451.0,WJH,56.33,-103.28,562000000,-1031700000,344.1,1992,2024,1994.0,2024.0,1992.0,2024.0,1996.0,2007.0
SPIRITWOOD WEST,SASKATCHEWAN,4067723,10850,71133.0,WSR,53.37,-107.55,532200000,-1073300000,584.3,1992,2024,1994.0,2024.0,1992.0,2024.0,1996.0,2007.0
STONY RAPIDS,SASKATCHEWAN,4067799,48548,71132.0,YSF,59.25,-105.84,591501000,-1055029000,244.15,2010,2024,2010.0,2024.0,2010.0,2024.0,,
STONY RAPIDS A,SASKATCHEWAN,4067PR5,3394,71132.0,YSF,59.25,-105.83,591500000,-1055000000,245.4,1986,2013,1986.0,2010.0,1986.0,2013.0,1986.0,2010.0
URANIUM CITY A,SASKATCHEWAN,4068340,3400,,,59.57,-108.48,593400000,-1082900000,318.2,1953,1986,1959.0,1986.0,1953.0,1986.0,1953.0,1986.0
WASKESIU LAKE,SASKATCHEWAN,4068559,10688,71454.0,WLV,53.92,-106.07,535500000,-1060400000,569.4,1992,2024,1994.0,2024.0,1992.0,2024.0,1996.0,2007.0
MEADOW LAKE,SASKATCHEWAN,406N0NM,10198,71970.0,WLJ,54.13,-108.52,540800000,-1083100000,481.0,1994,2024,1994.0,2024.0,1996.0,2024.0,1996.0,2007.0
URANIUM CITY (AUT),SASKATCHEWAN,406QLD0,9831,71076.0,WDC,59.57,-108.48,593400000,-1082900000,318.2,1992,2024,1994.0,2024.0,1992.0,2024.0,1998.0,2007.0
NIPAWIN A,SASKATCHEWAN,4075518,3420,,,53.33,-104.0,532000000,-1040000000,371.9,1973,2005,1973.0,2005.0,1973.0,2005.0,1973.0,2005.0
NIPAWIN AWOS,SASKATCHEWAN,4075521,27625,,ZBU,53.33,-104.0,531956000,-1040012000,371.9,1998,2003,1998.0,2003.0,,,,
NIPAWIN,SASKATCHEWAN,4075525,48608,71130.0,YBU,53.33,-104.01,531957000,-1040030000,371.9,2010,2024,2010.0,2024.0,2010.0,2024.0,,
NIPAWIN,SASKATCHEWAN,407N51G,10195,71312.0,WBU,53.33,-104.0,532000000,-1040000000,371.9,1994,2024,1994.0,2024.0,1996.0,2024.0,1997.0,2007.0
HUDSON BAY A,SASKATCHEWAN,4083321,3439,,,52.82,-102.32,524900000,-1021900000,358.1,1978,1999,1978.0,1999.0,1978.0,1993.0,1978.0,1993.0
HUDSON BAY(AUT),SASKATCHEWAN,4083324,46367,71868.0,ZHB,52.82,-102.32,524900000,-1021900000,358.1,2007,2024,2007.0,2024.0,2007.0,2024.0,2007.0,2007.0
BRANDON A,MANITOBA,5010480,3471,71140.0,YBR,49.91,-99.95,495436000,-995707000,409.4,1941,2012,1958.0,2012.0,1941.0,2012.0,1941.0,2012.0
BRANDON A,MANITOBA,5010481,50821,71140.0,YBR,49.91,-99.95,495436000,-995708000,409.3,2012,2024,2012.0,2024.0,2012.0,2024.0,,
BRANDON RCS,MANITOBA,5010490,49909,71136.0,PBO,49.9,-99.95,495400000,-995700000,409.4,2012,2024,2012.0,2024.0,2012.0,2024.0,,
CARBERRY CS,MANITOBA,5010547,27741,71170.0,WZE,49.91,-99.36,495420900,-992126800,383.5,1994,2024,1994.0,2024.0,1994.0,2024.0,1996.0,2007.0
CYPRESS RIVER RCS,MANITOBA,5010641,48128,71239.0,POY,49.56,-99.07,493344000,-990426000,374.0,2009,2024,2009.0,2024.0,2009.0,2024.0,,
MACDONALD A,MANITOBA,5011680,3505,,,50.08,-98.45,500500000,-982700000,254.5,1951,1959,,,1951.0,1959.0,1951.0,1959.0
PORTAGE SOUTHPORT A,MANITOBA,5012320,3518,,YPG,49.9,-98.27,495400000,-981600000,269.7,1941,2024,1953.0,2024.0,1941.0,1992.0,1941.0,1992.0
PORTAGE SOUTHPORT,MANITOBA,5012324,10884,71851.0,WPG,49.9,-98.28,495411300,-981702900,272.7,1992,2024,1994.0,2024.0,1992.0,2024.0,1996.0,2007.0
RIVERS A,MANITOBA,5012440,3527,,,50.02,-100.32,500100000,-1001900000,473.4,1938,1983,1953.0,1983.0,1938.0,1970.0,1938.0,1970.0
ROBLIN,MANITOBA,5012469,27119,71553.0,WXB,51.18,-101.36,511100018,-1012146068,539.5,1996,2024,1996.0,2024.0,1996.0,2024.0,1996.0,2007.0
SHOAL LAKE CS,MANITOBA,5012654,10927,71150.0,WUT,50.45,-100.6,502717600,-1003612600,561.3,1993,2024,1994.0,2024.0,1993.0,2024.0,1996.0,2007.0
SHILO,MANITOBA,5012672,3539,71853.0,WLO,49.78,-99.64,494658000,-993835000,375.2,1954,1999,1954.0,1999.0,1954.0,1970.0,1954.0,1970.0
WASAGAMING,MANITOBA,5013117,3562,71444.0,WWP,50.66,-99.94,503918006,-995631008,627.4,1966,2024,1994.0,2024.0,1966.0,2024.0,1966.0,2007.0
MELITA,MANITOBA,501A7AR,10185,71447.0,WEI,49.28,-100.99,491652600,-1005910900,445.9,1992,2024,1994.0,2024.0,1992.0,2024.0,1996.0,2007.0
DEERWOOD RCS,MANITOBA,5020725,29886,71840.0,XDW,49.4,-98.32,492359400,-981909300,341.4,2000,2024,2000.0,2024.0,2000.0,2024.0,2000.0,2007.0
EMERSON AUTO,MANITOBA,5020881,48068,71560.0,WEX,49.0,-97.24,490000000,-971415000,242.0,2009,2024,2009.0,2024.0,2009.0,2024.0,,
EMERSON AUT,MANITOBA,5020882,26963,71560.0,WEX,49.0,-97.24,490000000,-971415000,242.0,1996,2009,1996.0,2009.0,1997.0,2009.0,1997.0,2007.0
GRETNA (AUT),MANITOBA,5021220,3605,71441.0,WGN,49.03,-97.56,490151004,-973336003,252.6,1885,2024,1994.0,2024.0,1885.0,2024.0,1885.0,2007.0
KLEEFELD (MAFRI),MANITOBA,5021500,50897,71646.0,PTG,49.52,-96.9,493104000,-965404000,246.5,2012,2024,2012.0,2024.0,2014.0,2024.0,,
MORDEN CDA CS,MANITOBA,5021849,29593,71564.0,XMD,49.19,-98.08,491115500,-980502200,297.5,1999,2024,2000.0,2024.0,1999.0,2024.0,1999.0,2007.0
PILOT MOUND (AUT),MANITOBA,5022125,3649,71148.0,WPO,49.19,-98.9,491127700,-985417500,470.3,1957,2024,1957.0,2024.0,1957.0,2024.0,1957.0,2007.0
ST ANDREWS A,MANITOBA,50225DP,3659,,,50.05,-97.03,500300000,-970200000,231.65,1976,1985,1976.0,1985.0,1976.0,1985.0,1976.0,1985.0
WINNIPEG ST ANDREWS,MANITOBA,50225DS,55463,,YAV,50.06,-97.03,500323000,-970157000,231.34,2023,2024,2023.0,2024.0,2023.0,2024.0,,
SNOW LAKE,MANITOBA,5022710,55318,73136.0,POW,54.88,-100.01,545240050,-1000046025,305.0,2024,2024,2024.0,2024.0,2024.0,2024.0,,
SPRAGUE,MANITOBA,5022759,10196,71449.0,WSU,49.02,-95.6,490125000,-953554009,328.8,1992,2024,1994.0,2024.0,1992.0,2024.0,1996.0,2007.0
WINNIPEG RICHARDSON INT'L A,MANITOBA,5023222,3698,71852.0,YWG,49.92,-97.23,495500000,-971400000,238.7,1938,2013,1953.0,2013.0,1938.0,2008.0,1938.0,2007.0
WINNIPEG RICHARDSON AWOS,MANITOBA,5023226,47407,71852.0,YWG,49.92,-97.23,495500000,-971400000,238.7,2008,2013,2008.0,2013.0,2008.0,2013.0,,
WINNIPEG INTL A,MANITOBA,5023227,51097,,YWG,49.91,-97.24,495436000,-971424000,238.7,2013,2024,2013.0,2024.0,2018.0,2024.0,,
WINNIPEG THE FORKS,MANITOBA,5023262,28051,71579.0,XWN,49.89,-97.13,495318008,-970746007,230.0,1999,2024,1999.0,2024.0,1999.0,2024.0,1999.0,2007.0
CARMAN U OF M CS,MANITOBA,502I001,26857,71147.0,WNK,49.5,-98.03,492953200,-980147100,268.2,1995,2024,1995.0,2024.0,1995.0,2024.0,1996.0,2007.0
WINNIPEG A CS,MANITOBA,502S001,27174,71849.0,XWG,49.92,-97.25,495500000,-971458000,238.7,1996,2024,2013.0,2024.0,1996.0,2024.0,1996.0,2007.0
ARNES,MANITOBA,5030109,10206,,WRE,50.8,-96.95,504800000,-965700000,221.1,1994,2000,1994.0,2000.0,,,,
BERENS RIVER A,MANITOBA,5030201,53321,,YBV,52.36,-97.02,522132000,-970105000,222.2,2015,2024,2015.0,2024.0,,,,
BERENS RIVER A,MANITOBA,5030202,26964,,YBV,52.36,-97.02,522132000,-970106000,222.19,1995,2015,1995.0,2015.0,,,,
BERENS RIVER CS,MANITOBA,5030203,3721,71158.0,WCF,52.36,-97.02,522135052,-970119032,221.9,1985,2024,1985.0,2024.0,1985.0,2024.0,1985.0,2007.0
BERENS RIVER A,MANITOBA,5030204,53318,,YBV,52.36,-97.02,522132000,-970105000,222.2,2015,2024,2015.0,2024.0,2018.0,2024.0,,
GEORGE ISLAND (AUT),MANITOBA,5030984,7333,71445.0,WWS,52.82,-97.62,524907014,-973659028,222.5,1994,2024,1994.0,2024.0,1994.0,2024.0,1998.0,2007.0
FISHER BRANCH (AUT),MANITOBA,50309J6,8993,71442.0,WSZ,51.08,-97.55,510500100,-973316200,253.0,1992,2024,1994.0,2024.0,1992.0,2024.0,1999.0,2007.0
GIMLI A,MANITOBA,5031040,3737,,,50.63,-97.05,503800000,-970300000,222.2,1944,1971,1953.0,1971.0,1944.0,1971.0,1944.0,1971.0
GIMLI HARBOUR CS,MANITOBA,5031041,27867,71577.0,XGH,50.63,-96.98,503752000,-965856000,217.02,1999,2024,1999.0,2024.0,1999.0,2024.0,2006.0,2006.0
GIMLI CLIMATE,MANITOBA,5031042,45007,71748.0,PGH,50.63,-97.05,503800000,-970300000,230.1,2006,2024,2006.0,2024.0,2006.0,2024.0,2007.0,2007.0
GIMLI INDUSTRIAL PARK,MANITOBA,50310D0,10728,,YGM,50.63,-97.05,503800000,-970300000,230.1,1992,2010,1994.0,2010.0,1992.0,2010.0,1996.0,2007.0
GREAT FALLS CLIMATE,MANITOBA,5031201,43243,71570.0,PGF,50.52,-95.98,503120001,-955838000,253.0,2005,2024,2005.0,2024.0,2005.0,2024.0,2005.0,2007.0
GRAND RAPIDS (AUT),MANITOBA,5031A10,7290,71858.0,WJD,53.19,-99.27,531111064,-991604098,222.5,1992,2024,1994.0,2024.0,1992.0,2024.0,1999.0,2007.0
VICTORIA BEACH (AUT),MANITOBA,5032951,9035,71552.0,WII,50.7,-96.57,504200000,-963400000,220.1,1996,2024,1996.0,2024.0,1996.0,2024.0,1996.0,2006.0
PINAWA,MANITOBA,503B1ER,10186,71448.0,WEA,50.18,-96.06,501038020,-960353000,268.0,1992,2024,1994.0,2024.0,1992.0,2024.0,1996.0,2007.0
BACHELORS ISLAND MARINE,MANITOBA,5040131,10882,71143.0,WBL,51.75,-99.9,514500000,-995400000,255.9,1994,2012,1994.0,2012.0,1994.0,2012.0,1996.0,2004.0
DAUPHIN A,MANITOBA,5040680,3780,,PDH,51.1,-100.05,510600000,-1000300000,304.5,1942,2013,1953.0,2013.0,1942.0,2010.0,1942.0,2007.0
DAUPHIN CS,MANITOBA,5040681,26866,71550.0,WZT,51.1,-100.06,510601400,-1000324800,304.5,1995,2024,1995.0,2024.0,1995.0,2024.0,2000.0,2007.0
DAUPHIN,MANITOBA,5040689,48868,71036.0,YDN,51.1,-100.05,510603000,-1000309000,304.5,2010,2024,2010.0,2024.0,2010.0,2024.0,,
DELTA MARSH CS,MANITOBA,5040764,3783,71563.0,ZUG,50.18,-98.38,501057500,-982256100,248.4,1967,2011,1997.0,2011.0,1967.0,2011.0,1967.0,2007.0
NEEPAWA A,MANITOBA,5042000,3829,,,50.23,-99.5,501400000,-993000000,388.0,1945,1962,,,1945.0,1962.0,1945.0,1962.0
MCCREARY,MANITOBA,5043158,3853,71149.0,WOO,50.71,-99.53,504243001,-993148003,351.0,1971,2024,1997.0,2024.0,1971.0,2024.0,1971.0,2007.0
OAKPOINT MARINE,MANITOBA,504K0NM,10881,71144.0,WOJ,50.5,-98.04,502958044,-980212030,249.6,1994,2024,1994.0,2024.0,1994.0,2024.0,1996.0,2007.0
SWAN RIVER RCS,MANITOBA,504K80K,10188,71443.0,WEQ,52.11,-101.23,520653900,-1011358500,334.8,1993,2024,1994.0,2024.0,1993.0,2024.0,1996.0,2007.0
FLIN FLON,MANITOBA,5050919,10213,71954.0,WFO,54.68,-101.68,544100000,-1014100000,303.9,1994,2024,1994.0,2024.0,1996.0,2024.0,1996.0,2007.0
FLIN FLON A,MANITOBA,5050960,3858,,YFO,54.68,-101.68,544100000,-1014100000,303.9,1954,2017,1954.0,2014.0,1968.0,2017.0,1968.0,2007.0
FLIN FLON A,MANITOBA,5050961,52578,,YFO,54.68,-101.68,544041000,-1014055000,304.2,2014,2024,2014.0,2024.0,,,,
FLIN FLON A,MANITOBA,5050973,52961,,YFO,54.68,-101.68,544041000,-1014055000,304.2,2014,2024,2014.0,2024.0,2018.0,2024.0,,
HUNTERS POINT MARINE,MANITOBA,5051311,10885,,WHH,53.03,-100.93,530139000,-1005605000,256.1,1994,2005,1994.0,2005.0,1994.0,2005.0,1996.0,2004.0
THE PAS A,MANITOBA,5052880,3864,71867.0,YQD,53.97,-101.1,535800000,-1010600000,270.36,1943,2014,1953.0,2014.0,1943.0,2014.0,1943.0,2014.0
THE PAS A,MANITOBA,5052881,52438,,YQD,53.97,-101.09,535817000,-1010528000,270.6,2014,2018,2014.0,2018.0,2014.0,2018.0,,
THE PAS A,MANITOBA,5052882,54279,71867.0,YQD,53.97,-101.09,535817000,-1010528000,270.6,2016,2024,2016.0,2024.0,2018.0,2024.0,,
THE PAS CLIMATE,MANITOBA,5052890,43983,71695.0,PQD,53.97,-101.1,535800000,-1010600000,274.0,2005,2024,2005.0,2024.0,2005.0,2024.0,2007.0,2007.0
BROCHET A,MANITOBA,5060520,3870,,,57.89,-101.68,575310400,-1014053200,346.3,1948,2009,1953.0,1979.0,1948.0,2009.0,1948.0,2007.0
CHURCHILL A,MANITOBA,5060595,48969,71618.0,YYQ,58.74,-94.07,584421000,-940359000,29.3,2010,2024,2010.0,2024.0,2010.0,2024.0,,
CHURCHILL A,MANITOBA,5060600,3871,,YYQ,58.74,-94.07,584421000,-940359000,29.26,1943,2012,1953.0,2012.0,1943.0,2008.0,1943.0,2007.0
CHURCHILL AWOS,MANITOBA,5060601,47408,,,58.74,-94.06,584414000,-940326000,28.7,2008,2010,2008.0,2010.0,2008.0,2010.0,,
CHURCHILL A,MANITOBA,5060605,50148,71618.0,YYQ,58.74,-94.07,584421000,-940359000,29.3,2012,2024,2012.0,2024.0,2018.0,2024.0,,
CHURCHILL CLIMATE,MANITOBA,5060608,44244,71696.0,PYQ,58.73,-94.07,584400000,-940400000,28.5,2005,2024,2005.0,2024.0,2005.0,2024.0,2005.0,2007.0
CROSS LAKE A,MANITOBA,5060621,3874,,,54.62,-97.77,543700000,-974600000,216.1,1987,2010,,,1987.0,2010.0,1987.0,2007.0
CROSS LAKE JENPEG 2,MANITOBA,5060622,54658,71106.0,PJP,54.54,-98.03,543223000,-980149000,218.8,2017,2024,2017.0,2024.0,2017.0,2024.0,,
JENPEG,MANITOBA,5060624,55364,73048.0,PJN,54.52,-98.04,543126000,-980229000,221.0,2023,2024,2023.0,2024.0,2023.0,2024.0,,
GILLAM,MANITOBA,5060999,10217,73087.0,WGX,56.36,-94.7,562132028,-944215024,145.3,1994,2024,1994.0,2024.0,1996.0,2024.0,1996.0,2007.0
GILLAM A,MANITOBA,5061001,3878,71912.0,YGX,56.36,-94.71,562127000,-944238000,145.1,1970,2014,1970.0,2014.0,1970.0,2014.0,1970.0,2014.0
GILLAM A,MANITOBA,5061022,52758,71912.0,YGX,56.36,-94.71,562128000,-944239000,145.1,2014,2024,2014.0,2024.0,2014.0,2024.0,,
GILLAM A,MANITOBA,5061025,53698,,YGX,56.36,-94.71,562128000,-944239000,145.1,2015,2023,2015.0,2023.0,2018.0,2023.0,,
GODS LAKE NARROWS A,MANITOBA,5061067,3879,,,54.55,-94.48,543300000,-942900000,189.0,1985,2002,,,1985.0,2002.0,1985.0,2002.0
ISLAND LAKE A,MANITOBA,5061374,54278,71145.0,YIV,53.86,-94.65,535126000,-943913000,235.3,2016,2024,2016.0,2024.0,2018.0,2024.0,,
ISLAND LAKE A,MANITOBA,5061375,53398,,YIV,53.86,-94.65,535126000,-943913000,235.3,2015,2021,2015.0,2021.0,2015.0,2021.0,,
ISLAND LAKE A,MANITOBA,5061376,3880,71145.0,YIV,53.85,-94.65,535100000,-943900000,235.6,1970,2015,1970.0,2015.0,1970.0,2015.0,1970.0,2015.0
ISLAND LAKE AIRPORT,MANITOBA,5061378,55366,73100.0,PIV,53.86,-94.65,535122000,-943915000,234.0,2023,2024,2023.0,2024.0,2023.0,2024.0,,
KELSEY DAM CS,MANITOBA,5061422,29533,71572.0,ZKD,56.04,-96.51,560215000,-963035000,182.9,2000,2024,2000.0,2024.0,2000.0,2024.0,2000.0,2007.0
LYNN LAKE,MANITOBA,5061645,48588,71078.0,YYL,56.86,-101.08,565150000,-1010434000,356.6,2010,2024,2010.0,2024.0,2010.0,2024.0,,
LYNN LAKE A,MANITOBA,5061646,3887,,,56.86,-101.08,565150000,-1010434000,356.6,1959,2005,1959.0,2005.0,1968.0,2005.0,1968.0,2005.0
LYNN LAKE,MANITOBA,5061648,44085,,PNK,56.86,-101.08,565150000,-1010434000,356.6,2005,2014,2005.0,2010.0,2005.0,2014.0,2005.0,2007.0
LYNN LAKE RCS,MANITOBA,5061649,48728,71632.0,PLE,56.85,-101.07,565100420,-1010400005,354.2,2010,2024,2010.0,2024.0,2010.0,2024.0,,
NORWAY HOUSE,MANITOBA,5062040,48951,71410.0,YNE,53.96,-97.84,535730000,-975039000,223.7,2010,2024,2010.0,2024.0,2010.0,2024.0,,
OXFORD HOUSE A,MANITOBA,5062059,3892,,,54.77,-95.27,544600000,-951600000,204.8,1985,1985,,,1985.0,1985.0,1985.0,1985.0
PIKWITONEI A,MANITOBA,5062111,3894,,,55.58,-97.17,553500000,-971000000,192.0,1987,1995,,,1987.0,1995.0,1987.0,1995.0
RED SUCKER LAKE A,MANITOBA,5062337,3897,,,54.17,-93.55,541000000,-933300000,227.56,1985,1989,,,1985.0,1989.0,1985.0,1987.0
SHAMATTAWA A,MANITOBA,5062656,3900,,,55.87,-92.08,555200000,-920500000,89.9,1985,1985,,,1985.0,1985.0,,
SOUTH INDIAN LAKE AIRPORT,MANITOBA,5062736,3904,,,56.8,-98.9,564800000,-985400000,289.0,1989,1998,,,1989.0,1998.0,1989.0,1998.0
TADOULE LAKE,MANITOBA,5062835,48972,71272.0,YBQ,58.71,-98.51,584222000,-983044000,281.3,2011,2024,2011.0,2024.0,2011.0,2024.0,,
TADOULE LAKE CS,MANITOBA,5062840,30475,71334.0,XBQ,58.72,-98.5,584257000,-983006000,262.01,2000,2024,2000.0,2024.0,2000.0,2024.0,2000.0,2007.0
THOMPSON AIRPORT,MANITOBA,5062918,55138,73072.0,PTO,55.8,-97.88,554756000,-975236000,214.0,2020,2024,2020.0,2024.0,2020.0,2024.0,,
THOMPSON A,MANITOBA,5062921,53118,71079.0,YTH,55.8,-97.86,554817000,-975145000,224.0,2013,2024,2014.0,2024.0,2013.0,2024.0,,
THOMPSON A,MANITOBA,5062922,3905,71079.0,YTH,55.8,-97.86,554812000,-975145000,224.03,1967,2014,1967.0,2014.0,1967.0,2014.0,1967.0,2007.0
NORWAY HOUSE A,MANITOBA,506B047,3868,,,53.95,-97.85,535700000,-975100000,223.7,1973,2005,1973.0,2005.0,1973.0,2005.0,1973.0,2005.0
ATTAWAPISKAT A,ONTARIO,6010400,52918,71653.0,YAT,52.93,-82.43,525539000,-822555000,9.1,2015,2024,2015.0,2024.0,2015.0,2024.0,,
BIG TROUT LAKE A,ONTARIO,6010735,49488,71675.0,YTL,53.82,-89.9,534904000,-895349000,222.5,2011,2024,2011.0,2024.0,2011.0,2024.0,,
BIG TROUT LAKE READAC,ONTARIO,6010739,10804,,TBL,53.82,-89.9,534856000,-895344000,222.2,1992,2013,1994.0,2013.0,1992.0,2013.0,,
BIG TROUT LAKE,ONTARIO,6010740,50857,71208.0,OTL,53.82,-89.89,534858000,-895330000,222.5,2012,2024,2012.0,2024.0,2012.0,2024.0,,
EAR FALLS (AUT),ONTARIO,6012199,27865,71295.0,XEA,50.63,-93.22,503750000,-931317000,362.6,1999,2024,2000.0,2024.0,1999.0,2024.0,1999.0,2006.0
FORT SEVERN A,ONTARIO,6012500,45447,,YER,56.02,-87.68,560108000,-874034000,15.8,2006,2013,2006.0,2013.0,2006.0,2013.0,,
FORT SEVERN A,ONTARIO,6012501,51219,71099.0,YER,56.02,-87.68,560108000,-874034000,15.8,2013,2024,2013.0,2024.0,2013.0,2024.0,,
LANSDOWNE HOUSE A,ONTARIO,6014351,51237,,YLH,52.2,-87.93,521144000,-875603000,254.2,2013,2024,2013.0,2024.0,2018.0,2024.0,,
LANSDOWNE HOUSE (AUT),ONTARIO,6014353,10244,71846.0,WLF,52.2,-87.94,521146000,-875610000,253.4,1992,2024,1994.0,2024.0,1992.0,2024.0,2000.0,2006.0
LANSDOWNE HOUSE A,ONTARIO,6014355,43910,,YLH,52.2,-87.94,521145000,-875610000,254.2,2005,2013,2005.0,2013.0,,,,
MUSKRAT DAM A,ONTARIO,6015025,44483,71755.0,ZMD,53.44,-91.76,532629000,-914546000,277.7,2005,2012,2005.0,2012.0,2006.0,2012.0,,
MUSKRAT DAM,ONTARIO,6015026,50722,71678.0,ZMD,53.44,-91.76,532629000,-914546000,277.7,2012,2024,2012.0,2024.0,2012.0,2024.0,,
PEAWANUCK (AUT),ONTARIO,6016295,10197,71434.0,WWN,54.98,-85.43,545900000,-852600000,52.7,1994,2024,1994.0,2024.0,1994.0,2024.0,2003.0,2006.0
PEAWANUCK A,ONTARIO,6016298,52878,,YPO,54.99,-85.44,545917000,-852636000,52.7,2014,2024,2014.0,2024.0,2018.0,2024.0,,
PICKLE LAKE (AUT),ONTARIO,6016525,3920,71835.0,WPL,51.45,-90.22,512657001,-901304007,390.8,1930,2024,1955.0,2024.0,1930.0,2024.0,1930.0,2006.0
PICKLE LAKE A,ONTARIO,6016527,3921,71845.0,YPL,51.45,-90.21,512647000,-901251000,386.2,1990,2012,1990.0,2012.0,1990.0,2012.0,1990.0,2012.0
PICKLE LAKE A,ONTARIO,6016528,52418,,YPL,51.45,-90.21,512647000,-901251000,386.2,2013,2024,2013.0,2024.0,2018.0,2024.0,,
PICKLE LAKE A,ONTARIO,6016529,50478,71845.0,YPL,51.45,-90.21,512647000,-901251000,386.2,2012,2019,2012.0,2019.0,2012.0,2018.0,,
RED LAKE A,ONTARIO,6016970,50248,71854.0,YRL,51.07,-93.79,510402000,-934735000,385.9,2012,2024,2012.0,2024.0,2012.0,2018.0,,
RED LAKE A,ONTARIO,6016971,52419,,YRL,51.07,-93.79,510402000,-934735000,385.9,2013,2024,2013.0,2024.0,2018.0,2024.0,,
RED LAKE A,ONTARIO,6016975,3923,71854.0,YRL,51.07,-93.79,510401000,-934735000,385.88,1930,2012,1953.0,2012.0,1930.0,2012.0,1930.0,2012.0
SANDY LAKE A,ONTARIO,6017401,50723,71587.0,ZSJ,53.06,-93.34,530351000,-932040000,289.9,2012,2024,2012.0,2024.0,2012.0,2024.0,,
WEAGAMOW LAKE,ONTARIO,6019400,55362,73046.0,OWW,52.94,-91.32,525638027,-911857082,291.0,2023,2024,2023.0,2024.0,2023.0,2024.0,,
WINISK A,ONTARIO,6019550,3926,,,55.23,-85.12,551400000,-850700000,12.8,1957,1965,1957.0,1965.0,1959.0,1965.0,1959.0,1965.0
ATIKOKAN (AUT),ONTARIO,6020LPQ,10220,71747.0,WCH,48.76,-91.63,484540000,-913741000,389.3,1994,2024,1994.0,2024.0,2000.0,2024.0,2005.0,2006.0
FORT FRANCES RCS,ONTARIO,6022474,46507,71962.0,TAG,48.65,-93.44,483904000,-932620002,342.0,2007,2024,2007.0,2024.0,2007.0,2024.0,,
FORT FRANCES A,ONTARIO,6022476,3939,,,48.65,-93.43,483900000,-932600000,342.0,1976,2011,,,1976.0,2011.0,1976.0,2006.0
DRYDEN A,ONTARIO,6032119,3953,,YHD,49.83,-92.75,495000000,-924500000,412.7,1969,2005,1969.0,2005.0,1970.0,2005.0,1970.0,2004.0
DRYDEN REGIONAL,ONTARIO,6032125,48869,71527.0,YHD,49.83,-92.74,494939000,-924439000,412.7,2010,2024,2010.0,2024.0,2010.0,2024.0,,
KENORA RCS,ONTARIO,6034073,47307,71151.0,TKR,49.79,-94.38,494726000,-942240000,412.7,2008,2024,2008.0,2024.0,2008.0,2024.0,,
KENORA A,ONTARIO,6034075,3960,71850.0,YQK,49.79,-94.37,494725005,-942155003,409.65,1938,2013,1953.0,2013.0,1938.0,2013.0,1938.0,2013.0
KENORA A,ONTARIO,6034076,51137,71850.0,YQK,49.79,-94.36,494718000,-942147000,409.7,2013,2024,2013.0,2024.0,2013.0,2024.0,,
RAWSON LAKE (AUT),ONTARIO,6036907,30455,71855.0,TRA,49.66,-93.73,493951001,-934358002,435.0,2003,2024,2005.0,2024.0,2003.0,2024.0,,
ROYAL ISLAND (AUT),ONTARIO,6037201,10899,71859.0,WTX,49.47,-94.76,492807000,-944547000,329.0,1994,2024,1994.0,2024.0,2016.0,2024.0,,
SIOUX LOOKOUT A,ONTARIO,6037775,3969,,,50.12,-91.9,500700000,-915400000,383.1,1938,2013,1953.0,2013.0,1938.0,2013.0,1938.0,2013.0
SIOUX LOOKOUT A,ONTARIO,6037776,51138,71842.0,YXL,50.11,-91.91,500651000,-915429000,383.1,2013,2024,2013.0,2024.0,2013.0,2024.0,,
SIOUX LOOKOUT AIRPORT,ONTARIO,6037800,54605,73017.0,OSL,50.11,-91.91,500651000,-915420000,338.1,2018,2024,2018.0,2024.0,2018.0,2024.0,,
ARMSTRONG (AUT),ONTARIO,6040325,3987,71841.0,WYW,50.29,-88.91,501737000,-885419000,322.5,1938,2024,1953.0,2024.0,1938.0,2024.0,1938.0,1982.0
ARMSTRONG A,ONTARIO,6040327,52900,,YYW,50.29,-88.91,501725000,-885435000,322.5,2015,2024,2015.0,2024.0,2018.0,2024.0,,
CAMERON FALLS (AUT),ONTARIO,6041110,27674,71291.0,XCA,49.15,-88.34,490914000,-882041000,232.6,1998,2024,2000.0,2024.0,1998.0,2024.0,1998.0,2006.0
CARIBOU ISLAND (AUT),ONTARIO,6041222,7582,71433.0,WCI,47.33,-85.83,472000000,-855000000,187.0,1993,2024,1994.0,2024.0,1993.0,2024.0,,
GERALDTON A,ONTARIO,6042716,4003,,YGQ,49.78,-86.93,494658090,-865550050,348.4,1981,2015,1981.0,2015.0,1981.0,2015.0,1981.0,2015.0
GERALDTON A,ONTARIO,6042717,53519,,YGQ,49.78,-86.94,494643000,-865619000,348.4,2015,2022,2015.0,2022.0,2015.0,2022.0,,
GERALDTON A,ONTARIO,6042718,54240,71834.0,YGQ,49.78,-86.99,494643000,-865919000,348.4,2016,2024,2016.0,2024.0,2018.0,2024.0,,
GERALDTON AIRPORT,ONTARIO,6042719,54858,73071.0,OGE,49.78,-86.93,494651276,-865556352,340.0,2018,2024,2018.0,2024.0,2018.0,2024.0,,
GRAHAM A,ONTARIO,6042975,4006,,,49.27,-90.58,491600000,-903500000,503.2,1948,1967,1953.0,1967.0,1948.0,1967.0,1948.0,1967.0
MARATHON AIRPORT,ONTARIO,6044961,4027,,YSP,48.76,-86.34,484520000,-862040000,315.5,1988,2007,2007.0,2007.0,1988.0,1999.0,1988.0,1999.0
MARATHON A,ONTARIO,6044962,46527,,YSP,48.76,-86.34,484519000,-862040000,314.55,2007,2014,2007.0,2014.0,,,,
MARATHON A,ONTARIO,6044963,52338,,YSP,48.76,-86.35,484526000,-862045000,314.6,2014,2024,2014.0,2024.0,,,,
MARATHON A,ONTARIO,6044967,53138,,YSP,48.76,-86.35,484526000,-862045000,314.6,2014,2024,2014.0,2024.0,2018.0,2024.0,,
MARIE LOUISE LAKE,ONTARIO,6044974,27291,,WLK,48.37,-88.8,482200000,-884800000,239.9,1997,1997,1997.0,1997.0,,,,
NAKINA A,ONTARIO,6045550,4029,,,50.18,-86.7,501100000,-864200000,324.6,1939,1967,1953.0,1967.0,1939.0,1967.0,1939.0,1967.0
BATTLE ISLAND,ONTARIO,6046285,26859,,WMF,48.75,-87.55,484500000,-873300000,197.0,1994,1997,1994.0,1997.0,,,,
PUKASKWA (AUT),ONTARIO,6046767,10918,71750.0,WCJ,48.59,-86.29,483518000,-861741000,207.6,1994,2012,1994.0,2012.0,1996.0,2012.0,2005.0,2006.0
PUKASKWA (AUT),ONTARIO,6046768,49848,71750.0,WCJ,48.61,-86.29,483628000,-861714000,191.5,2011,2024,2012.0,2024.0,2011.0,2024.0,,
TERRACE BAY A,ONTARIO,6048231,7593,,,48.82,-87.1,484900000,-870600000,289.6,1994,2007,1994.0,2007.0,1996.0,2007.0,1996.0,2006.0
TERRACE BAY AIRPORT,ONTARIO,6048232,54606,73018.0,OTR,48.82,-87.09,484856054,-870530041,290.0,2017,2024,2017.0,2024.0,2018.0,2024.0,,
TERRACE BAY(AUT),ONTARIO,6048235,32393,,ZTJ,48.82,-87.1,484900000,-870600000,289.6,2002,2007,2002.0,2007.0,2003.0,2006.0,2003.0,2006.0
THUNDER BAY,ONTARIO,6048260,49389,71072.0,YQT,48.37,-89.32,482219000,-891918000,199.3,2012,2024,2012.0,2024.0,2012.0,2024.0,,
THUNDER BAY A,ONTARIO,6048261,4055,,YQT,48.37,-89.33,482210000,-891938038,199.0,1941,2012,1953.0,2012.0,1941.0,2004.0,1941.0,2004.0
THUNDER BAY A,ONTARIO,6048262,50132,,YQT,48.37,-89.32,482219000,-891918000,199.3,2012,2024,2012.0,2024.0,2018.0,2024.0,,
THUNDER BAY AWOS,ONTARIO,6048264,30667,71749.0,ZQT,48.37,-89.32,482200000,-891900000,199.3,1994,2012,,,1994.0,2012.0,2004.0,2006.0
THUNDER BAY CS,ONTARIO,6048268,30682,71667.0,ZTB,48.37,-89.33,482210000,-891938000,199.4,2000,2024,2000.0,2024.0,2003.0,2024.0,2003.0,2006.0
THUNDER BAY AIRPORT MAINTAIR,ONTARIO,6048270,42523,,,48.37,-89.32,482216038,-891858056,194.1,2003,2005,,,2003.0,2005.0,2003.0,2005.0
TROWBRIDGE (AUT),ONTARIO,6048955,7977,,WAB,48.3,-88.87,481800000,-885200000,218.0,1994,2000,1994.0,2000.0,1994.0,2000.0,,
UPSALA (AUT),ONTARIO,6049095,4057,71435.0,WDV,49.03,-90.47,490200000,-902800000,488.5,1972,2024,1994.0,2024.0,1973.0,2024.0,1972.0,2006.0
WELCOME ISLAND (AUT),ONTARIO,6049443,4061,71751.0,WEC,48.37,-89.12,482209000,-890710000,211.4,1967,2024,1994.0,2024.0,1967.0,2024.0,1967.0,1985.0
LITTLE FLATLAND ISLAND (AUT),ONTARIO,6049470,43104,71468.0,WKK,49.69,-88.31,494124000,-881821000,261.0,2005,2024,2005.0,2024.0,2005.0,2024.0,,
KATATOTA ISLAND (AUT),ONTARIO,604M002,10664,71468.0,WKK,49.71,-88.33,494247000,-881956000,261.0,1994,2006,1994.0,2006.0,1996.0,2006.0,,
NORTHERN ONTARIO EER,ONTARIO,604S001,26912,,XQT,48.43,-89.22,482600000,-891300000,,2001,2024,2001.0,2024.0,2018.0,2024.0,,
ELLIOT LAKE A,ONTARIO,6052259,7595,,YEL,46.35,-82.56,462105000,-823341000,331.3,1994,2012,1994.0,2012.0,1995.0,2012.0,1995.0,2011.0
HORNEPAYNE A,ONTARIO,6053575,4077,,,49.2,-84.77,491200000,-844600000,335.0,1990,1995,,,1990.0,1995.0,1990.0,1995.0
LAKE SUPERIOR PROVINCIAL PARK,ONTARIO,6054425,51958,71640.0,TLS,47.72,-84.81,474323000,-844851000,400.62,2013,2024,2013.0,2024.0,2013.0,2024.0,,
MONTREAL RIVER (AUT),ONTARIO,6055378,41595,,ZGJ,47.25,-84.6,471450000,-843545000,534.9,2000,2007,2000.0,2007.0,2003.0,2006.0,2003.0,2006.0
SAULT STE MARIE A,ONTARIO,6057591,50092,71260.0,YAM,46.49,-84.51,462906000,-843035000,192.0,2012,2024,2012.0,2024.0,2012.0,2024.0,,
SAULT STE MARIE A,ONTARIO,6057592,4093,71260.0,YAM,46.48,-84.51,462900000,-843034000,192.0,1945,2012,1961.0,2012.0,1945.0,2012.0,1945.0,2012.0
SAULT STE. MARIE AIRPORT,ONTARIO,6057593,54838,73070.0,OSM,46.48,-84.52,462841000,-843100000,187.0,2019,2024,2019.0,2024.0,2019.0,2024.0,,
WAWA A,ONTARIO,6059407,52818,71738.0,YXZ,47.97,-84.79,475801000,-844711000,287.7,2014,2024,2014.0,2024.0,2014.0,2018.0,,
WAWA (AUT),ONTARIO,6059408,4102,,WXZ,47.97,-84.78,475800000,-844700000,287.1,1940,2015,1994.0,2015.0,1940.0,2006.0,1940.0,2006.0
WAWA A,ONTARIO,6059413,52998,,YXZ,47.97,-84.79,475801000,-844711000,287.7,2014,2024,2014.0,2024.0,2018.0,2024.0,,
WAWA A,ONTARIO,6059D09,4099,,,47.97,-84.78,475800000,-844700000,287.1,1977,2014,1977.0,2014.0,1977.0,2014.0,1977.0,2014.0
KILLARNEY (AUT),ONTARIO,605DJ25,8997,71460.0,WBE,45.97,-81.48,455800000,-812900000,196.3,1992,2023,1994.0,2023.0,1992.0,2023.0,,
CHAPLEAU A,ONTARIO,6061361,4111,,,47.82,-83.35,474912000,-832048000,448.06,1978,2015,1994.0,2015.0,1978.0,2015.0,1978.0,2015.0
CHAPLEAU A,ONTARIO,6061362,53602,71642.0,YLD,47.82,-83.35,474913000,-832049000,448.1,2015,2024,2015.0,2024.0,2015.0,2018.0,,
CHAPLEAU A,ONTARIO,6061365,53603,,YLD,47.82,-83.35,474913000,-832049000,448.1,2015,2024,2015.0,2024.0,2018.0,2024.0,,
CHAPLEAU AIRPORT,ONTARIO,6061366,55258,73135.0,OCP,47.82,-83.36,474909006,-832122086,447.0,2022,2024,2022.0,2024.0,2022.0,2024.0,,
SUDBURY CLIMATE,ONTARIO,6068145,49508,71733.0,TSB,46.63,-80.8,463756090,-804746080,348.0,2011,2024,2011.0,2024.0,2011.0,2024.0,,
SUDBURY A,ONTARIO,6068150,4132,71730.0,YSB,46.63,-80.8,463732000,-804752000,348.39,1954,2013,1954.0,2013.0,1954.0,2013.0,1954.0,2013.0
SUDBURY A,ONTARIO,6068153,50840,71730.0,YSB,46.63,-80.8,463732000,-804752000,348.4,2013,2024,2013.0,2024.0,2013.0,2024.0,,
EARLTON A,ONTARIO,6072223,49489,71684.0,YXR,47.7,-79.85,474142000,-795056000,243.8,2011,2024,2011.0,2024.0,2011.0,2024.0,,
EARLTON AWOS,ONTARIO,6072224,30246,,,47.7,-79.85,474142000,-795056000,243.4,2000,2011,2000.0,2011.0,2000.0,2011.0,2004.0,2006.0
EARLTON A,ONTARIO,6072225,4145,,YXR,47.7,-79.85,474200000,-795100000,243.2,1938,2005,1953.0,2005.0,1938.0,2005.0,1938.0,2004.0
EARLTON CLIMATE,ONTARIO,6072230,47687,71213.0,TXR,47.7,-79.85,474142000,-795056000,243.4,2008,2024,2008.0,2024.0,2008.0,2024.0,,
KAPUSKASING A,ONTARIO,6073975,4157,,,49.41,-82.47,492450000,-822803000,226.5,1937,2014,1953.0,2014.0,1937.0,2014.0,1937.0,2014.0
KAPUSKASING A,ONTARIO,6073976,52604,71831.0,YYU,49.41,-82.47,492442000,-822806000,226.5,2014,2024,2014.0,2024.0,2014.0,2024.0,,
KAPUSKASING A,ONTARIO,6073978,54260,,YYU,49.41,-82.47,492442000,-822806000,226.5,2016,2024,2016.0,2024.0,2018.0,2024.0,,
KAPUSKASING CDA ON,ONTARIO,6073980,30435,71299.0,XKA,49.41,-82.44,492423000,-822637000,218.0,2000,2024,2000.0,2024.0,2000.0,2024.0,2002.0,2006.0
KIRKLAND LAKE,ONTARIO,6074207,55367,71301.0,XKI,48.09,-80.06,480517054,-800341035,280.0,2022,2024,2022.0,2024.0,2022.0,2024.0,,
KIRKLAND LAKE CS,ONTARIO,6074211,27535,71301.0,XKI,48.15,-80.0,480900000,-800000000,324.0,1997,2022,2001.0,2022.0,1997.0,2022.0,1997.0,2006.0
MOOSONEE,ONTARIO,6075420,48950,71398.0,YMO,51.29,-80.61,511728000,-803628000,9.1,2010,2024,2010.0,2024.0,2010.0,2024.0,,
MOOSONEE UA,ONTARIO,6075425,4168,71836.0,WZC,51.27,-80.65,511600000,-803900000,10.0,1932,2023,1953.0,1995.0,1932.0,2023.0,1932.0,2006.0
MOOSONEE A,ONTARIO,6075428,7632,71836.0,YMO,51.29,-80.61,511729000,-803627000,9.1,1994,2006,1994.0,2006.0,1995.0,2006.0,,
MOOSONEE RCS,ONTARIO,6075429,55379,71309.0,XZC,51.26,-80.66,511525005,-803949042,,2022,2024,2022.0,2024.0,2022.0,2024.0,,
MOOSONEE AWOS,ONTARIO,6075431,30242,71836.0,YMO,51.28,-80.6,511700000,-803600000,9.1,2006,2010,2006.0,2010.0,2006.0,2010.0,,
MOOSONEE RCS,ONTARIO,6075435,42123,71309.0,XZC,51.29,-80.62,511730000,-803705000,9.1,2003,2022,2003.0,2022.0,2003.0,2022.0,2003.0,2006.0
NAGAGAMI (AUT),ONTARIO,6075543,7633,71832.0,WNZ,49.75,-84.16,494448600,-840949300,264.0,1993,2024,1994.0,2024.0,1993.0,2024.0,2003.0,2006.0
OGOKI POST A,ONTARIO,6075786,52898,71652.0,YKP,51.66,-85.9,513931000,-855404000,181.0,2014,2024,2014.0,2024.0,2014.0,2024.0,,
OGOKI POST,ONTARIO,6075788,55361,73045.0,OGP,51.66,-85.9,513928057,-855401067,178.0,2022,2024,2022.0,2024.0,2022.0,2024.0,,
PAGWA A,ONTARIO,6076200,4172,,,50.03,-85.27,500200000,-851600000,189.0,1938,1964,,,1938.0,1964.0,1938.0,1964.0
PORQUIS JUNCTION A,ONTARIO,6076575,4175,,,48.73,-80.8,484400000,-804800000,307.5,1938,1955,,,1938.0,1955.0,1938.0,1955.0
TIMMINS CLIMATE,ONTARIO,6078282,47547,71193.0,TMS,48.56,-81.39,483326000,-812325000,294.4,2008,2024,2008.0,2024.0,2008.0,2024.0,,
TIMMINS VICTOR POWER A,ONTARIO,6078285,4180,71739.0,YTS,48.57,-81.38,483411000,-812236000,294.7,1955,2012,1955.0,2012.0,1955.0,2012.0,1955.0,2011.0
TIMMINS A,ONTARIO,6078286,50460,71739.0,YTS,48.57,-81.38,483414000,-812236000,294.7,2012,2024,2012.0,2024.0,2012.0,2024.0,,
ONAKAWANA (AUT),ONTARIO,607EP80,10685,,WOQ,50.6,-81.42,503600000,-812500000,42.1,1994,1997,1994.0,1997.0,,,,
ALGONQUIN PARK EAST GATE,ONTARIO,6080192,42967,71581.0,TNK,45.53,-78.27,453200000,-781600000,397.0,2004,2024,2004.0,2024.0,2004.0,2024.0,2005.0,2006.0
NORTH BAY A,ONTARIO,6085680,52318,71731.0,YYB,46.36,-79.42,462150000,-792527000,370.3,2014,2024,2014.0,2024.0,2014.0,2024.0,,
NORTH BAY AIRPORT,ONTARIO,6085695,54604,73016.0,TZN,46.38,-79.4,462230000,-792409000,370.3,2017,2024,2017.0,2024.0,2017.0,2024.0,,
NORTH BAY A,ONTARIO,6085700,4201,71731.0,YYB,46.36,-79.42,462149000,-792522000,370.3,1939,2013,1953.0,2013.0,1939.0,2013.0,1939.0,2013.0
NORTH BAY A,ONTARIO,6085701,50839,,YYB,46.36,-79.42,462150000,-792527000,370.3,2013,2024,2013.0,2024.0,2013.0,2014.0,,
GORE BAY-MANITOULIN,ONTARIO,6092919,48372,,YZE,45.88,-82.57,455254000,-823402000,189.89,2009,2024,2009.0,2024.0,2018.0,2024.0,,
GORE BAY CLIMATE,ONTARIO,6092920,48788,71956.0,TZE,45.88,-82.57,455300000,-823400000,188.6,2010,2024,2010.0,2024.0,2010.0,2024.0,,
GORE BAY A,ONTARIO,6092925,4209,,YZE,45.88,-82.57,455300000,-823400000,193.5,1947,2006,1953.0,2005.0,1947.0,2006.0,1947.0,2006.0
GORE BAY  AWOS,ONTARIO,6092930,30240,,OZE,45.88,-82.57,455300000,-823400000,193.5,2005,2012,2005.0,2012.0,2005.0,2011.0,2006.0,2006.0
GREAT DUCK ISLAND (AUT),ONTARIO,6093005,7981,71462.0,WNL,45.63,-82.95,453800000,-825700000,182.8,1994,2021,1994.0,2021.0,1994.0,2021.0,,
ALEXANDRIA,ONTARIO,6100166,42003,,TAL,45.32,-74.61,451925000,-743651000,77.0,2003,2006,2003.0,2006.0,2003.0,2006.0,,
ALFRED,ONTARIO,6100176,42006,,TAE,45.56,-74.88,453318000,-745232000,57.0,2003,2007,2003.0,2007.0,2003.0,2007.0,,
BROCKVILLE CLIMATE,ONTARIO,6100970,47567,71161.0,TBO,44.64,-75.75,443807000,-754454000,120.4,2008,2024,2008.0,2024.0,2008.0,2024.0,,
CORNWALL,ONTARIO,6101875,42004,,TCW,45.03,-74.68,450153000,-744053000,58.0,2003,2007,2003.0,2007.0,2003.0,2007.0,,
GRENADIER ISLAND,ONTARIO,6103024,10903,71281.0,WGH,44.42,-75.85,442500000,-755100000,82.0,1994,2024,1994.0,2024.0,1994.0,2024.0,1997.0,2006.0
IROQUOIS,ONTARIO,6103808,10950,,WIH,44.83,-75.33,445000000,-752000000,74.1,1994,1995,1994.0,1995.0,,,,
KEMPTVILLE CS,ONTARIO,6104027,27534,71300.0,XKE,45.0,-75.63,450000000,-753800000,99.4,1997,2024,2001.0,2024.0,1997.0,2024.0,1997.0,2006.0
KINGSTON CLIMATE,ONTARIO,6104142,47267,71820.0,TKG,44.22,-76.6,441324000,-763558000,93.0,2008,2024,2008.0,2024.0,2008.0,2024.0,,
KINGSTON A,ONTARIO,6104146,4295,,YGK,44.22,-76.6,441307092,-763548008,92.4,1930,2012,1967.0,2012.0,1930.0,1996.0,1930.0,1996.0
KINGSTON A,ONTARIO,6104149,50428,,YGK,44.23,-76.6,441333000,-763548000,92.4,2012,2024,2012.0,2024.0,,,,
KINGSTON A,ONTARIO,6104152,52985,,YGK,44.23,-76.6,441333000,-763548000,92.4,2014,2024,2014.0,2024.0,2018.0,2024.0,,
MOOSE CREEK WELLS,ONTARIO,6105397,41738,71635.0,TCK,45.25,-74.96,451504000,-745746000,84.5,2003,2024,2003.0,2024.0,2003.0,2024.0,,
OTTAWA CDA,ONTARIO,6105976,4333,,WCG,45.38,-75.72,452300000,-754300000,79.2,1889,2024,,,1889.0,2024.0,1889.0,2006.0
OTTAWA CDA RCS,ONTARIO,6105978,30578,71063.0,XOA,45.38,-75.72,452300000,-754300000,79.2,2000,2024,2000.0,2024.0,2000.0,2024.0,2003.0,2006.0
OTTAWA MACDONALD-CARTIER INT'L A,ONTARIO,6106000,4337,71628.0,YOW,45.32,-75.67,451921000,-754009000,114.0,1938,2011,1953.0,2011.0,1938.0,2011.0,1938.0,2011.0
OTTAWA INTL A,ONTARIO,6106001,49568,71628.0,YOW,45.32,-75.67,451900000,-754000000,114.9,2011,2024,2011.0,2024.0,2011.0,2024.0,,
RIDEAU NARROWS LOCKS,ONTARIO,6106022,26861,,WJM,44.7,-76.3,444200000,-761800000,125.0,1994,1998,1994.0,1998.0,1994.0,1998.0,,
OTTAWA ROCKCLIFFE A,ONTARIO,6106100,4344,,,45.45,-75.63,452700000,-753800000,54.3,1942,1964,1953.0,1964.0,1942.0,1964.0,1942.0,1964.0
OTTAWA STOLPORT A,ONTARIO,6106103,7684,,,45.47,-75.65,452800000,-753900000,58.5,1974,1976,1974.0,1976.0,,,,
PEMBROKE CLIMATE,ONTARIO,6106367,49068,71196.0,TPM,45.86,-77.25,455137000,-771508000,161.0,2010,2024,2010.0,2024.0,2010.0,2024.0,,
PETAWAWA AWOS 2,ONTARIO,6106396,47527,71625.0,YWA,45.95,-77.32,455700000,-771900000,130.1,2008,2022,2008.0,2022.0,2008.0,2022.0,,
PETAWAWA A,ONTARIO,6106398,4352,71625.0,YWA,45.95,-77.32,455700000,-771900000,130.1,1969,2024,1969.0,2024.0,1970.0,2008.0,1971.0,2006.0
WINCHESTER,ONTARIO,6109517,42005,,TWN,45.05,-75.34,450304000,-752012000,75.0,2003,2007,2003.0,2007.0,2003.0,2007.0,,
BARRIE (AUT),ONTARIO,6110552,7697,,WCU,44.38,-79.78,442300000,-794700000,295.0,1992,2003,1994.0,2003.0,1992.0,2003.0,,
BEATRICE CLIMATE,ONTARIO,6110607,44183,71694.0,TBT,45.14,-79.4,450825000,-792410000,297.2,2005,2024,2005.0,2024.0,2005.0,2024.0,2005.0,2006.0
BEAUSOLEIL,ONTARIO,6110617,10973,,WPB,44.85,-79.87,445100000,-795200000,183.0,1994,2007,1994.0,2007.0,1994.0,2007.0,2004.0,2006.0
BORDEN A,ONTARIO,6110827,4419,,,44.27,-79.93,441600000,-795600000,227.4,1966,1970,,,1966.0,1970.0,1966.0,1970.0
BRITT (AUT),ONTARIO,6110967,7704,,WBI,45.8,-80.53,454800000,-803200000,190.0,1992,2010,1994.0,2001.0,1992.0,2010.0,,
CAMP BORDEN A,ONTARIO,6111145,4427,,,44.32,-79.9,441900000,-795400000,233.2,1926,1945,,,1926.0,1945.0,1926.0,1945.0
COLLINGWOOD,ONTARIO,6111792,10955,71270.0,WCO,44.5,-80.22,443000000,-801300000,178.3,1994,2023,1994.0,2023.0,1994.0,2023.0,1997.0,2006.0
COLLINGWOOD A,ONTARIO,6111794,4434,,,44.45,-80.17,442700000,-801000000,220.7,1970,1971,,,1970.0,1971.0,1970.0,1971.0
LAGOON CITY,ONTARIO,6114295,10911,71282.0,WGL,44.55,-79.22,443250000,-791300000,220.7,1994,2024,1994.0,2024.0,1994.0,2024.0,1997.0,2006.0
MIDLAND HURONIA A,ONTARIO,6115130,4475,,,44.68,-79.93,444100000,-795600000,234.7,1987,2002,,,1987.0,2002.0,1987.0,2002.0
MUSKOKA AWOS,ONTARIO,6115524,30186,,,44.97,-79.3,445829000,-791812000,281.9,2000,2013,2000.0,2009.0,2004.0,2013.0,2004.0,2006.0
MUSKOKA A,ONTARIO,6115525,4477,71630.0,YQA,44.97,-79.3,445800000,-791800000,281.9,1934,2015,1953.0,2005.0,1934.0,2015.0,1934.0,2006.0
MUSKOKA,ONTARIO,6115529,48368,71532.0,YQA,44.97,-79.3,445829000,-791812000,281.9,2009,2024,2009.0,2024.0,2009.0,2024.0,,
PA UDORA STRONG,ONTARIO,6116200,52719,,L3I,44.25,-79.21,441503600,-791218300,266.5,2014,2015,2014.0,2015.0,,,,
PA HARDWOOD MOUNTAIN BIKE PARK,ONTARIO,6116201,52729,,Z3N,44.52,-79.59,443108900,-793524200,334.5,2014,2015,2014.0,2015.0,,,,
PARRY SOUND CCG,ONTARIO,6116257,32128,71172.0,XPC,45.34,-80.04,452039000,-800239000,176.3,2002,2024,2002.0,2024.0,2002.0,2024.0,2003.0,2006.0
BARRIE-ORO,ONTARIO,6117700,42183,71314.0,XBI,44.48,-79.55,442900000,-793300000,289.0,2003,2024,2003.0,2024.0,2003.0,2024.0,2003.0,2006.0
WIARTON A,ONTARIO,6119498,54259,,YVV,44.74,-81.11,444439000,-810631000,221.9,2016,2024,2016.0,2024.0,2018.0,2024.0,,
WIARTON A,ONTARIO,6119499,53139,71633.0,YVV,44.74,-81.11,444439000,-810631000,221.9,2014,2024,2014.0,2024.0,2014.0,2024.0,,
WIARTON A,ONTARIO,6119500,4538,71633.0,YVV,44.75,-81.11,444445000,-810626000,222.2,1947,2014,1953.0,2014.0,1947.0,2014.0,1947.0,2014.0
WESTERN ISLAND (AUT),ONTARIO,6119M51,7733,71438.0,WMZ,45.03,-80.37,450200000,-802200000,191.1,1994,2024,1994.0,2024.0,1994.0,2024.0,,
BORDEN,ONTARIO,611B001,27197,,YBN,44.27,-79.92,441556000,-795510000,222.5,1996,2013,1996.0,2013.0,,,,
BORDEN AWOS,ONTARIO,611B002,29516,71534.0,YBN,44.27,-79.91,441620000,-795442000,222.5,2000,2022,2005.0,2022.0,2000.0,2022.0,,
EGBERT (AUT),ONTARIO,611BKE0,10753,,WET,44.23,-79.78,441400000,-794700000,251.0,1990,1993,1990.0,1993.0,,,,
EGBERT CS,ONTARIO,611E001,27604,71296.0,XET,44.23,-79.78,441400000,-794700000,251.0,2000,2024,2000.0,2024.0,2000.0,2024.0,2003.0,2006.0
CENTRALIA A,ONTARIO,6121275,4551,,,43.3,-81.52,431800000,-813100000,253.0,1945,1966,,,1945.0,1966.0,1945.0,1966.0
CYPRUS LAKE CS,ONTARIO,6121940,27531,,XCY,45.23,-81.53,451400000,-813200000,190.0,1995,2009,2000.0,2009.0,1995.0,2009.0,1995.0,2006.0
COVE ISLAND (AUT),ONTARIO,61219J2,9004,71439.0,WWX,45.33,-81.73,452000000,-814400000,180.7,1994,2021,1994.0,2021.0,1994.0,2021.0,,
GODERICH,ONTARIO,6122847,7747,71261.0,WGD,43.77,-81.72,434600000,-814300000,213.7,1986,2024,1986.0,2024.0,1994.0,2024.0,1997.0,2006.0
GODERICH MUNICIPAL A,ONTARIO,6122849,4567,,,43.77,-81.7,434600000,-814200000,213.4,1969,1980,1969.0,1980.0,1969.0,1980.0,1969.0,1980.0
KINCARDINE A,ONTARIO,6124128,27002,,,44.2,-81.6,441200000,-813600000,234.2,1994,1997,,,1994.0,1997.0,1994.0,1997.0
SARNIA,ONTARIO,6127510,48373,71704.0,YZR,43.0,-82.31,425958000,-821832000,181.4,2009,2024,2009.0,2024.0,2009.0,2024.0,,
SARNIA AIRPORT,ONTARIO,6127514,4589,,,42.99,-82.3,425932058,-821817088,180.6,1967,2007,1967.0,2005.0,1967.0,2007.0,1967.0,2006.0
SARNIA CHRIS HADFIELD A,ONTARIO,6127518,44004,,,43.0,-82.31,425958000,-821832000,181.0,2005,2011,2005.0,2010.0,2005.0,2011.0,2005.0,2006.0
SARNIA CLIMATE,ONTARIO,6127519,44323,71746.0,TZR,43.0,-82.3,430000000,-821800000,181.0,2005,2024,2005.0,2024.0,2006.0,2024.0,,
TOBERMORY RCS,ONTARIO,6128330,45607,71767.0,TTR,45.23,-81.63,451400000,-813800000,213.5,2007,2024,2007.0,2024.0,2007.0,2024.0,,
BELLE RIVER,ONTARIO,6130681,10084,,WDD,42.3,-82.7,421800000,-824200000,183.5,1994,2005,1994.0,2005.0,1994.0,2005.0,,
CHATHAM KENT,ONTARIO,6131414,52118,,YCK,42.31,-82.08,421821000,-820457000,196.6,2014,2024,2014.0,2024.0,2018.0,2024.0,,
CEDAR SPRINGS,ONTARIO,6131418,55360,73036.0,OCE,42.27,-82.02,421557000,-820110000,183.0,2022,2024,2022.0,2024.0,2022.0,2024.0,,
DELHI CS,ONTARIO,6131983,27528,71573.0,XDI,42.87,-80.55,425200000,-803300000,231.7,1997,2024,1999.0,2024.0,1997.0,2024.0,1997.0,2006.0
HARROW CDA AUTO,ONTARIO,6133362,30266,71298.0,XHA,42.03,-82.9,420200000,-825400000,191.0,2000,2024,2000.0,2024.0,2000.0,2024.0,2000.0,2006.0
LONG POINT (AUT),ONTARIO,6134F10,9026,71464.0,WPS,42.53,-80.05,423200000,-800300000,175.0,1994,2024,1994.0,2024.0,1994.0,2024.0,,
PA ATMOS FENWICK,ONTARIO,6136285,52743,,A0T,43.05,-79.37,430303980,-792154620,193.0,2014,2015,2014.0,2015.0,,,,
PA ROYAL CANADIAN HENLEY,ONTARIO,6136290,52734,,Z4W,43.19,-79.27,431137600,-791615800,90.5,2014,2015,2014.0,2015.0,,,,
PA VINELAND STONEY RIDGE,ONTARIO,6136300,52722,,L6B,43.15,-79.38,430857100,-792257200,112.5,2014,2015,2014.0,2015.0,,,,
PA WAINFLEET SKYDIVE BURNABY,ONTARIO,6136303,52639,,L6A,42.88,-79.35,425242600,-792116200,180.5,2014,2015,2014.0,2015.0,,,,
PA WELLAND FLATWATER,ONTARIO,6136305,52499,,W5Z,42.97,-79.26,425755080,-791518700,186.5,2014,2015,2014.0,2015.0,,,,
PA WINONA VINE ESTATES,ONTARIO,6136308,52721,,L5B,43.22,-79.68,431257200,-794056700,101.5,2014,2015,2014.0,2015.0,,,,
PELEE ISLAND A,ONTARIO,6136336,4665,,,41.78,-82.68,414700000,-824100000,174.0,1989,1994,,,1989.0,1994.0,1989.0,1994.0
PORT WELLER (AUT),ONTARIO,6136699,7790,71432.0,WWZ,43.25,-79.22,431500000,-791300000,79.0,1992,2024,1993.0,2024.0,1992.0,2024.0,2003.0,2006.0
RIDGETOWN RCS,ONTARIO,6137154,32473,71307.0,XRG,42.45,-81.88,422700000,-815300000,205.7,2003,2024,2003.0,2024.0,2003.0,2024.0,2003.0,2006.0
ST. CATHARINES / NIAGARA DISTRICT A,ONTARIO,6137286,50131,,YSN,43.19,-79.17,431130000,-791018000,97.8,2012,2024,2012.0,2024.0,,,,
ST CATHARINES A,ONTARIO,6137287,4683,,YSN,43.2,-79.17,431200000,-791000000,97.8,1971,2012,1971.0,2012.0,1971.0,2000.0,1971.0,2000.0
ST CATHARINES A,ONTARIO,6137304,53000,,YSN,43.19,-79.17,431130000,-791016000,97.8,2014,2024,2014.0,2024.0,2018.0,2024.0,,
SIMCOE (AUT),ONTARIO,6137732,7793,,WSI,42.85,-80.27,425100000,-801600000,240.5,1992,1999,1994.0,1999.0,1992.0,1999.0,,
SOUTHEAST SHOAL (AUT),ONTARIO,6137937,9032,71466.0,WNB,41.83,-82.47,415000000,-822800000,195.3,1994,2016,1994.0,2016.0,1994.0,2016.0,,
VINELAND STATION RCS,ONTARIO,6139148,31367,71171.0,XVN,43.18,-79.4,431100000,-792400000,79.2,2002,2024,2002.0,2024.0,2002.0,2024.0,2003.0,2006.0
WELLAND-PELHAM,ONTARIO,6139449,44283,71752.0,TWL,42.97,-79.33,425800000,-792000000,178.0,2005,2024,2005.0,2024.0,2005.0,2024.0,2005.0,2006.0
WINDSOR A,ONTARIO,6139525,4716,71538.0,YQG,42.28,-82.96,421632000,-825720000,189.6,1940,2014,1953.0,2014.0,1940.0,2014.0,1940.0,2014.0
WINDSOR A,ONTARIO,6139527,52838,,YQG,42.28,-82.96,421634000,-825719000,189.6,2014,2018,2014.0,2018.0,2014.0,2018.0,,
WINDSOR A,ONTARIO,6139530,54738,71538.0,YQG,42.28,-82.96,421634000,-825719000,189.6,2018,2024,2018.0,2024.0,2018.0,2024.0,,
PORT COLBORNE (AUT),ONTARIO,613F606,9005,71463.0,WPC,42.87,-79.25,425200000,-791500000,183.5,1992,2024,1994.0,2024.0,1992.0,2024.0,2006.0,2006.0
ERIEAU (AUT),ONTARIO,613KLLM,9006,71465.0,WAJ,42.25,-81.9,421500413,-815400517,178.0,1992,2023,1994.0,2023.0,1992.0,2023.0,,
POINT PELEE CS,ONTARIO,613P001,27533,71303.0,XPT,41.95,-82.52,415655009,-823108002,176.8,1999,2024,2001.0,2024.0,1999.0,2024.0,1999.0,2006.0
HARROW TST,ONTARIO,613ZZZZ,31147,,XHW,42.03,-82.9,420200000,-825400000,191.0,2001,2002,2001.0,2002.0,,,,
BRANTFORD AIRPORT,ONTARIO,6140942,53378,71602.0,TBF,43.14,-80.33,430815000,-801953000,245.5,2014,2024,2014.0,2024.0,2014.0,2024.0,,
ELORA RCS,ONTARIO,6142286,41983,71352.0,ZEL,43.65,-80.42,433900000,-802500000,376.4,2003,2024,2003.0,2024.0,2003.0,2024.0,2003.0,2006.0
GUELPH TURFGRASS,ONTARIO,6143089,45407,71833.0,TGT,43.55,-80.22,433300000,-801300000,325.0,2006,2022,2006.0,2022.0,2006.0,2022.0,2006.0,2006.0
GUELPH TURFGRASS INSTITUTE,ONTARIO,6143092,55299,73073.0,OGI,43.54,-80.22,433230741,-801319492,334.55,2021,2024,2021.0,2024.0,2021.0,2024.0,,
KITCHENER/WATERLOO,ONTARIO,6144239,48569,71368.0,YKF,43.46,-80.38,432739000,-802243000,321.6,2010,2024,2010.0,2024.0,2010.0,2024.0,,
LONDON A,ONTARIO,6144473,50093,71623.0,YXU,43.03,-81.15,430159000,-810904000,278.0,2012,2024,2012.0,2024.0,2012.0,2024.0,,
LONDON INT'L AIRPORT,ONTARIO,6144475,4789,71623.0,YXU,43.03,-81.15,430159000,-810904000,278.0,1940,2017,1953.0,2012.0,1940.0,2017.0,1940.0,2006.0
LONDON CS,ONTARIO,6144478,10999,71622.0,WSN,43.03,-81.15,430200000,-810900000,278.0,1994,2024,1994.0,2024.0,2002.0,2024.0,2002.0,2006.0
LONDON LAMBETH A,ONTARIO,6144481,4790,,,42.98,-81.22,425900000,-811300000,246.3,1930,1941,,,1930.0,1941.0,1930.0,1941.0
MOUNT FOREST (AUT),ONTARIO,6145504,7844,71631.0,WLS,43.98,-80.75,435900000,-804500000,414.5,1992,2024,1994.0,2024.0,1992.0,2024.0,2003.0,2006.0
WATERLOO WELLINGTON A,ONTARIO,6149387,4832,,,43.45,-80.38,432700000,-802300000,317.0,1966,2003,1966.0,2002.0,1970.0,2003.0,1970.0,2002.0
REGION OF WATERLOO INT'L AIRPORT,ONTARIO,6149388,32008,,,43.46,-80.38,432732000,-802239000,321.26,2002,2011,2002.0,2010.0,2002.0,2011.0,2002.0,2006.0
BELLEVILLE QUINTE,ONTARIO,6150690,55238,73042.0,OBQ,44.16,-77.44,440933705,-772623430,96.28,2021,2024,2021.0,2024.0,2021.0,2024.0,,
BRAMPTON AIRPORT,ONTARIO,6150914,6953,,,43.77,-79.88,434600000,-795300000,274.3,1991,1992,,,1991.0,1992.0,1991.0,1992.0
BURLINGTON PIERS (AUT),ONTARIO,6151061,7868,71437.0,WWB,43.3,-79.8,431800000,-794800000,77.4,1992,2024,1994.0,2024.0,1992.0,2024.0,,
COBOURG (AUT),ONTARIO,6151684,7870,71431.0,WNC,43.95,-78.17,435700000,-781000000,77.7,1992,2024,1993.0,2024.0,1992.0,2024.0,2003.0,2006.0
PA HALTON HILLS,ONTARIO,6153170,52498,,L4A,43.6,-80.06,433555300,-800318200,382.5,2014,2015,2014.0,2015.0,,,,
HAMILTON A,ONTARIO,6153193,49908,71263.0,YHM,43.17,-79.94,431025000,-795606000,237.7,2011,2024,2011.0,2024.0,2011.0,2024.0,,
HAMILTON A,ONTARIO,6153194,4932,71263.0,YHM,43.17,-79.93,431018072,-795603036,237.7,1959,2011,1970.0,2011.0,1959.0,2011.0,1959.0,2011.0
HAMILTON RBG CS,ONTARIO,6153301,27529,71297.0,XHM,43.29,-79.91,431730000,-795430000,102.0,1997,2024,2000.0,2024.0,1997.0,2024.0,1997.0,2006.0
KING CITY NORTH,ONTARIO,6154150,54958,73074.0,OKN,43.96,-79.57,435748679,-793426800,361.0,2019,2024,2019.0,2024.0,2019.0,2024.0,,
MOBILE UPPER AIR STATION-ONTARIO,ONTARIO,6155200,32513,71117.0,EWO,43.27,-79.78,431611064,-794649008,76.1,2019,2021,2019.0,2021.0,2019.0,2021.0,,
OSHAWA,ONTARIO,6155875,48649,71697.0,YOO,43.92,-78.88,435522000,-785300041,139.9,2010,2024,2010.0,2024.0,2010.0,2024.0,,
PA ATMOS BRAMPTON,ONTARIO,6156130,52738,,A4T,43.79,-79.77,434717760,-794614760,246.0,2014,2015,2014.0,2015.0,,,,
PA ATMOS CAMPBELLVILLE,ONTARIO,6156131,52740,,A7T,43.44,-80.01,432634760,-800043010,315.0,2014,2015,2014.0,2015.0,,,,
PA ATMOS CLAREMONT,ONTARIO,6156132,52737,,A3T,43.94,-79.08,435609800,-790505400,167.0,2014,2015,2014.0,2015.0,,,,
PA ATMOS ERIN,ONTARIO,6156133,52735,,A1T,43.83,-80.12,434933620,-800712840,470.0,2014,2015,2014.0,2015.0,,,,
PA ATMOS HAMILTON,ONTARIO,6156134,52742,,A9T,43.19,-79.83,431138800,-794946900,198.0,2014,2015,2014.0,2015.0,,,,
PA ATMOS MISSISSAUGA,ONTARIO,6156135,52741,,A8T,43.53,-79.65,433147100,-793848500,141.0,2014,2015,2014.0,2015.0,,,,
PA ATMOS NORTH YORK,ONTARIO,6156136,53258,,A6T,43.75,-79.31,434517700,-791853200,178.0,2014,2015,2014.0,2015.0,,,,
PA ATMOS NORVAL,ONTARIO,6156137,52739,,A5T,43.62,-79.84,433725600,-795021200,240.0,2014,2015,2014.0,2015.0,,,,
PA ATMOS VAUGHAN,ONTARIO,6156138,52736,,A2T,43.86,-79.54,435147700,-793228900,254.0,2014,2015,2014.0,2015.0,,,,
PA AJAX COMMUNITY CENTRE,ONTARIO,6156150,52703,,L3C,43.87,-79.04,435155800,-790209900,117.5,2014,2015,2014.0,2015.0,,,,
PA AJAX PAO TAU,ONTARIO,6156152,52705,,L3E,43.91,-79.06,435424300,-790327500,148.5,2014,2015,2014.0,2015.0,,,,
PA AJAX VILLAGE CHRYSLER,ONTARIO,6156153,52702,,L3B,43.84,-79.03,435029700,-790130500,114.5,2014,2015,2014.0,2015.0,,,,
PA AJAX WINTERMERE SOD,ONTARIO,6156154,52704,,L3D,43.9,-79.04,435356500,-790217200,124.5,2014,2015,2014.0,2015.0,,,,
PA AJAX WATER SUPPLY,ONTARIO,6156155,52701,,L3A,43.82,-79.01,434922000,-790025500,92.5,2014,2015,2014.0,2015.0,,,,
PA CALEDON EQUESTRIAN PARK,ONTARIO,6156156,52728,,Z1N,43.96,-79.84,435744200,-795008800,301.5,2014,2015,2014.0,2015.0,,,,
PA DUFFERIN AND ST. CLAIR CIBC,ONTARIO,6156157,53838,,L1B,43.68,-79.44,434041500,-792634600,173.5,2015,2015,2015.0,2015.0,,,,
PA CLAREMONT SILO FARM,ONTARIO,6156158,52706,,L3F,43.99,-79.1,435937900,-790543900,263.5,2014,2015,2014.0,2015.0,,,,
PA TORONTO INTERNATIONAL TRAP AND SKEET,ONTARIO,6156159,52731,,Z5N,44.19,-79.66,441108100,-793950800,234.5,2014,2015,2014.0,2015.0,,,,
PA CONCORD RYDER,ONTARIO,6156160,52699,,L1F,43.82,-79.52,434903200,-793124200,226.5,2014,2015,2014.0,2015.0,,,,
PA DOWNSVIEW PARK,ONTARIO,6156161,52698,,L1E,43.75,-79.48,434451800,-792847600,207.5,2014,2015,2014.0,2015.0,,,,
PA KING CITY,ONTARIO,6156162,53778,,L2D,43.96,-79.57,435750490,-793421790,366.5,2015,2018,2015.0,2018.0,2018.0,2018.0,,
PA HERSHEY CENTRE,ONTARIO,6156164,52732,,Z1W,43.63,-79.66,433757600,-793922800,203.5,2014,2015,2014.0,2015.0,,,,
PA MARKHAM NORTH TOYOTA,ONTARIO,6156165,52700,,L2F,43.82,-79.34,434901000,-792033810,187.5,2014,2015,2014.0,2015.0,,,,
PA BOUSFIELD FARMS,ONTARIO,6156166,52733,,Z2W,43.48,-79.89,432838800,-795330400,197.5,2014,2015,2014.0,2015.0,,,,
PA TORONTO NORTH YORK MOTORS,ONTARIO,6156168,52678,,L1D,43.72,-79.47,434307100,-792807400,186.5,2014,2015,2014.0,2015.0,,,,
PA GENERAL MOTORS CENTRE,ONTARIO,6156169,52727,,Z5E,43.9,-78.86,435350500,-785132500,125.5,2014,2015,2014.0,2015.0,,,,
PA DOWNSVIEW,ONTARIO,6156170,53760,,L2C,43.78,-79.47,434649300,-792802500,198.5,2015,2018,2015.0,2018.0,,,,
PA ROYAL CANADIAN YACHT CLUB,ONTARIO,6156171,52618,,Z2D,43.64,-79.35,433822300,-792053700,84.5,2014,2015,2014.0,2015.0,,,,
PA SCARBOROUGH TORONTO HUNT,ONTARIO,6156172,52641,,L2A,43.68,-79.27,434100000,-791614900,133.5,2014,2015,2014.0,2015.0,,,,
PA STONEY CREEK CARDINAL SCHOOL,ONTARIO,6156174,52720,,L5A,43.22,-79.75,431320600,-794442600,104.5,2014,2015,2014.0,2015.0,,,,
PA MATTAMY ATHLETIC CENTRE,ONTARIO,6156175,52723,,Z1D,43.66,-79.38,433942720,-792248540,137.5,2014,2015,2014.0,2015.0,,,,
PA TORONTO HYUNDAI,ONTARIO,6156177,52640,,L1C,43.7,-79.45,434156200,-792705700,186.5,2014,2015,2014.0,2015.0,,,,
PA U OF T SCARBOROUGH TENNIS CENTRE,ONTARIO,6156179,52724,,Z1E,43.78,-79.19,434648300,-791107400,116.5,2014,2015,2014.0,2015.0,,,,
PA MONOPOLY PROPERTY MANAGEMENT,ONTARIO,6156180,52725,,Z2E,43.86,-79.31,435127000,-791829600,176.5,2014,2015,2014.0,2015.0,,,,
PA UXBRIDGE LEE ACRES,ONTARIO,6156181,52718,,L3H,44.17,-79.21,441015700,-791237800,290.5,2015,2015,2015.0,2015.0,,,,
PA UXBRIDGE TARIS,ONTARIO,6156182,52707,,L3G,44.05,-79.12,440316000,-790655000,359.5,2014,2015,2014.0,2015.0,,,,
PA YORK UNIVERSITY,ONTARIO,6156183,53758,,L2B,43.78,-79.51,434631200,-793035900,200.5,2015,2015,2015.0,2015.0,,,,
PA WHITBY ABILITIES CENTRE,ONTARIO,6156184,52726,,Z4E,43.86,-78.94,435140600,-785638500,99.5,2014,2015,2014.0,2015.0,,,,
PA ANGUS GLEN GOLF CLUB,ONTARIO,6156186,52638,,Z3E,43.91,-79.32,435429800,-791923400,230.5,2014,2015,2014.0,2015.0,,,,
PA HAMILTON SOCCER,ONTARIO,6156187,53759,,Z3W,43.25,-79.83,431503600,-794946400,93.5,2015,2015,2015.0,2015.0,,,,
PICTON A,ONTARIO,6156535,5006,,,43.98,-77.15,435900000,-770900000,97.5,1956,1961,,,1956.0,1957.0,1956.0,1961.0
POINT PETRE (AUT),ONTARIO,6156559,7925,71430.0,WQP,43.83,-77.15,435000000,-770900000,78.6,1992,2024,1993.0,2024.0,1992.0,2024.0,,
MONO CENTRE,ONTARIO,6157000,51938,71098.0,TRY,44.03,-80.02,440156100,-800128010,436.0,2013,2024,2013.0,2024.0,2013.0,2024.0,,
TORONTO SOLAR RADIATION,ONTARIO,6158352,41863,71626.0,TRF,43.67,-79.4,434000000,-792400000,166.0,2018,2018,,,2018.0,2018.0,,
TORONTO CITY,ONTARIO,6158355,31688,71508.0,XTO,43.67,-79.4,434000000,-792400000,112.5,2002,2024,2002.0,2024.0,2002.0,2024.0,2003.0,2006.0
TORONTO CITY CENTRE,ONTARIO,6158359,48549,71265.0,YTZ,43.63,-79.4,433739000,-792346000,76.8,2009,2024,2009.0,2024.0,2010.0,2024.0,,
TORONTO BUTTONVILLE A,ONTARIO,6158409,54239,,YKZ,43.86,-79.37,435139000,-792207000,198.1,2016,2023,2016.0,2023.0,2018.0,2023.0,,
TORONTO BUTTONVILLE A,ONTARIO,6158410,53678,71639.0,YKZ,43.86,-79.37,435139000,-792207000,198.1,2015,2019,2015.0,2019.0,2015.0,2019.0,,
TORONTO 407 AND YONGE,ONTARIO,6158440,27448,,WHD,43.83,-79.43,435000000,-792600000,195.0,1998,1999,1998.0,1999.0,,,,
TORONTO 407 AND MAVIS,ONTARIO,6158442,27447,,WTR,43.65,-79.73,433900000,-794400000,203.66,1998,1999,1998.0,1999.0,,,,
TORONTO DOWNSVIEW A,ONTARIO,6158443,5069,,,43.75,-79.48,434500000,-792900000,198.1,1956,1982,1956.0,1982.0,1956.0,1982.0,1957.0,1982.0
TORONTO ISLAND A,ONTARIO,6158665,5085,71265.0,,43.63,-79.4,433743000,-792342000,76.5,1957,2006,1957.0,2006.0,1957.0,2006.0,1957.0,2006.0
TORONTO CITY CENTRE,ONTARIO,6158667,30247,71265.0,YTZ,43.63,-79.4,433743000,-792342000,76.81,2006,2014,2006.0,2010.0,2006.0,2014.0,2006.0,2006.0
TORONTO INTL A,ONTARIO,6158731,51459,71624.0,YYZ,43.68,-79.63,434036000,-793750000,173.4,2013,2024,2013.0,2024.0,2013.0,2024.0,,
TORONTO LESTER B. PEARSON INT'L A,ONTARIO,6158733,5097,71624.0,YYZ,43.68,-79.63,434038000,-793750000,173.4,1937,2013,1953.0,2013.0,1937.0,2013.0,1937.0,2013.0
TORONTO NEW INT'L A,ONTARIO,6158749,5105,,,43.95,-79.13,435700000,-790800000,262.7,1973,1976,1973.0,1976.0,1973.0,1976.0,1973.0,1976.0
TRENTON AWOS,ONTARIO,6158872,30723,,XTR,44.12,-77.53,440708000,-773141000,86.3,2007,2022,2007.0,2022.0,2018.0,2022.0,,
TRENTON A,ONTARIO,6158875,5126,71621.0,YTR,44.12,-77.53,440708000,-773141000,86.3,1935,2024,1953.0,2024.0,1935.0,2024.0,1935.0,2017.0
UXBRIDGE WEST,ONTARIO,6159123,50637,71932.0,TUX,44.1,-79.16,440554000,-790949020,325.0,2012,2024,2012.0,2024.0,2012.0,2024.0,,
TORONTO BUTTONVILLE A,ONTARIO,615HMAK,4841,71639.0,YKZ,43.86,-79.37,435144000,-792212000,198.1,1986,2015,1986.0,2015.0,1986.0,2015.0,1986.0,2015.0
SOUTHERN ONTARIO EMERGENCY PORTABLE WEATHER STATION,ONTARIO,615S002,29846,,WOW,43.27,-79.78,431600000,-794700000,,2007,2024,2007.0,2024.0,2018.0,2024.0,,
HALIBURTON A,ONTARIO,6163156,5168,,,45.0,-78.58,450000000,-783500000,320.0,1883,1992,,,1883.0,1992.0,1883.0,1992.0
PA BLAIRHAMPTON GOLF CLUB,ONTARIO,6166400,52730,,Z4N,45.0,-78.66,445949200,-783931900,333.5,2014,2015,2014.0,2015.0,,,,
PETERBOROUGH A,ONTARIO,6166415,48952,71436.0,YPQ,44.23,-78.36,441348000,-782148000,191.4,2010,2024,2010.0,2024.0,2010.0,2024.0,,
PETERBOROUGH A,ONTARIO,6166418,5186,,,44.23,-78.37,441400000,-782200000,191.4,1969,2007,1969.0,2005.0,1969.0,2007.0,1969.0,2006.0
PETERBOROUGH AWOS,ONTARIO,6166420,29906,,,44.23,-78.37,441400000,-782200000,191.4,2004,2010,2004.0,2010.0,2004.0,2010.0,2004.0,2006.0
PETERBOROUGH TRENT U,ONTARIO,6166456,43763,71672.0,TPQ,44.35,-78.3,442100000,-781800000,216.0,2005,2023,2005.0,2023.0,2005.0,2023.0,2006.0,2006.0
PETERBOROUGH TRENTU FARM,ONTARIO,6166457,55365,73180.0,OTU,44.35,-78.28,442114000,-781642000,225.0,2022,2024,2022.0,2024.0,2022.0,2024.0,,
BANCROFT AUTO,ONTARIO,616I001,26799,71294.0,WRK,45.07,-77.88,450417000,-775244000,330.7,1995,2024,1995.0,2024.0,1995.0,2024.0,1997.0,2006.0
BEAUPORT,QUEBEC,7010565,27803,71578.0,XBO,46.84,-71.2,465013000,-711150000,10.0,1999,2024,1999.0,2024.0,1999.0,2024.0,,
DESCHAMBAULT,QUEBEC,7011983,27325,71389.0,WHQ,46.69,-71.97,464127000,-715818000,61.0,1997,2024,1997.0,2024.0,1997.0,2024.0,,
ILE D'ORLEANS,QUEBEC,70132G9,8989,71424.0,WER,47.0,-70.81,465948000,-704830000,3.6,1992,2024,1994.0,2024.0,1992.0,2024.0,,
L'ASSOMPTION,QUEBEC,7014160,5237,71524.0,WEW,45.81,-73.43,454834000,-732605000,21.0,1930,2024,1994.0,2024.0,1930.0,2024.0,1930.0,1994.0
L'ETAPE,QUEBEC,7015791,10871,71382.0,WPD,47.56,-71.23,473344000,-711344000,791.2,1993,2024,1994.0,2024.0,1993.0,2024.0,2005.0,2005.0
QUEBEC INTL A,QUEBEC,7016293,51457,,YQB,46.79,-71.39,464728000,-712336000,74.4,2013,2024,2013.0,2024.0,2018.0,2024.0,,
QUEBEC/JEAN LESAGE INTL A,QUEBEC,7016294,5251,71708.0,YQB,46.8,-71.38,464800000,-712300000,74.4,1943,2017,1953.0,2013.0,1943.0,2017.0,1943.0,2012.0
RAWDON,QUEBEC,7016350,43189,,MWD,46.02,-73.81,460111339,-734853579,210.0,2005,2007,2005.0,2007.0,,,,
RIGAUD 2,QUEBEC,7016472,41737,,MRI,45.48,-74.29,452857000,-741733000,30.2,2003,2006,2003.0,2006.0,2003.0,2006.0,,
SAINT-POLYCARPE,QUEBEC,7016474,32462,,MPL,45.31,-74.29,451819000,-741735000,55.7,2003,2007,2003.0,2007.0,2003.0,2007.0,,
SAINT-LIN-LAURENTIDES,QUEBEC,7017479,42903,,MLT,45.85,-73.7,455051547,-734150989,50.0,2004,2007,2004.0,2007.0,,,,
SHAWINIGAN,QUEBEC,7018001,27646,71370.0,XSH,46.56,-72.73,463348000,-724400000,110.0,1998,2024,1999.0,2024.0,1998.0,2024.0,,
TROIS RIVIERES A,QUEBEC,7018561,51698,,YRQ,46.35,-72.68,462106000,-724050000,60.7,2013,2024,2013.0,2024.0,2018.0,2024.0,,
TROIS-RIVIERES,QUEBEC,7018562,10764,71724.0,WTY,46.35,-72.52,462113000,-723058000,6.0,1993,2024,1994.0,2024.0,1993.0,2024.0,2005.0,2005.0
TROIS-RIVIERES,QUEBEC,7018563,8321,71729.0,GRQ,46.37,-72.68,462200000,-724100000,62.2,1963,2024,1963.0,2024.0,2004.0,2024.0,,
VALCARTIER,QUEBEC,7018572,10965,,WQG,46.9,-71.5,465400000,-713000000,167.9,1994,2008,1994.0,1999.0,1994.0,2008.0,,
VALCARTIER A,QUEBEC,7018573,29452,71716.0,YOY,46.9,-71.5,465410000,-713013000,167.6,2000,2022,2000.0,2022.0,2013.0,2022.0,,
VALCARTIER A,QUEBEC,7018574,5293,71716.0,YOY,46.9,-71.5,465410000,-713013000,167.6,1978,2024,1978.0,2024.0,1978.0,1981.0,1978.0,1981.0
VILLEROY RADAR,QUEBEC,7018765,8678,,WVY,46.45,-71.92,462700000,-715500000,100.0,1991,1992,1991.0,1992.0,,,,
ILE AUX GRUES,QUEBEC,701LBPH,10247,,WIG,47.07,-70.53,470425000,-703159000,18.3,1994,2024,1994.0,2024.0,2018.0,2024.0,,
LAC SAINT-PIERRE,QUEBEC,701LP0N,10975,71198.0,WBS,46.18,-72.92,461100000,-725500000,16.2,1994,2024,1994.0,2024.0,1995.0,2024.0,,
STE-FOY (U. LAVAL),QUEBEC,701Q004,27377,71392.0,WJB,46.78,-71.29,464649000,-711715000,91.4,1996,2024,1996.0,2024.0,1997.0,2024.0,,
LEMIEUX,QUEBEC,701Q009,29714,71616.0,MLU,46.3,-72.06,461813000,-720339000,97.2,1999,2024,1999.0,2024.0,1999.0,2024.0,,
QUEBEC/JEAN LESAGE INTL,QUEBEC,701S001,26892,71714.0,WQB,46.8,-71.38,464813000,-712254000,60.0,1992,2024,2005.0,2024.0,1992.0,2024.0,1998.0,2016.0
BEAUHARNOIS,QUEBEC,7020562,10948,,WBH,45.17,-73.92,451000000,-735500000,33.9,1994,1994,1994.0,1994.0,,,,
BEAUHARNOIS,QUEBEC,7020564,42007,,MBR,45.32,-73.91,451910000,-735444000,22.0,2003,2006,2003.0,2006.0,,,,
COVEY HILL,QUEBEC,7021950,42605,,MCW,45.01,-73.87,450050000,-735224000,262.0,2004,2007,2004.0,2007.0,,,,
FRELIGHSBURG,QUEBEC,7022579,10815,71373.0,WFQ,45.03,-72.85,450200000,-725100000,224.0,1993,2024,1994.0,2024.0,1993.0,2024.0,,
GRANBY,QUEBEC,7022802,42013,,MGB,45.37,-72.77,452222000,-724626000,86.0,2003,2024,2003.0,2024.0,2018.0,2024.0,,
HOWICK,QUEBEC,7023200,42008,,MHW,45.17,-73.87,451018000,-735215000,42.0,2003,2007,2003.0,2007.0,,,,
ILE CHARRON,QUEBEC,702327R,10790,,WVZ,45.58,-73.49,453502000,-732930000,11.5,1994,2007,1994.0,2007.0,,,,
VARENNES,QUEBEC,702327X,26856,71184.0,WHM,45.72,-73.38,454323000,-732236000,17.9,1994,2016,1994.0,2016.0,1994.0,2016.0,,
L'ARTIFICE,QUEBEC,7023545,42009,,MLA,45.07,-73.83,450411000,-734958000,61.0,2004,2007,2004.0,2007.0,,,,
LAC MEGANTIC,QUEBEC,7023680,51638,,MUS,45.6,-70.88,453600000,-705300000,460.3,2013,2019,2013.0,2019.0,2018.0,2019.0,,
NANTES,QUEBEC,7023681,54938,73115.0,MUS,45.61,-70.93,453622092,-705557086,477.0,2019,2024,2019.0,2024.0,2019.0,2024.0,,
LENNOXVILLE,QUEBEC,7024280,5397,71611.0,WQH,45.37,-71.82,452208000,-714925000,181.0,1888,2024,1994.0,2024.0,1888.0,2024.0,1888.0,1995.0
MCTAVISH,QUEBEC,7024745,10761,71612.0,WTA,45.5,-73.58,453017070,-733445000,72.8,1994,2024,1994.0,2024.0,1994.0,2024.0,,
MEGANTIC A,QUEBEC,7024800,5408,,,45.58,-70.87,453500000,-705200000,415.1,1939,1962,,,1939.0,1962.0,1939.0,1962.0
MOBILE UPPER AIR STATION-QUEBEC,QUEBEC,7025000,47888,71054.0,EUQ,45.43,-73.93,452536000,-735544040,38.0,2014,2021,2014.0,2021.0,2017.0,2021.0,,
MONTREAL ADAC A,QUEBEC,7025228,8343,,,45.48,-73.55,452900000,-733300000,21.3,1974,1976,1974.0,1976.0,,,,
MONT-ORFORD,QUEBEC,7025229,10892,,WHY,45.31,-72.24,451842360,-721426432,846.06,1993,2007,1994.0,2007.0,1993.0,2007.0,,
MONTREAL/PIERRE ELLIOTT TRUDEAU INTL A,QUEBEC,7025250,5415,71627.0,YUL,45.47,-73.75,452800000,-734500000,35.97,1941,2013,1953.0,2013.0,1941.0,2013.0,1941.0,2013.0
MONTREAL INTL A,QUEBEC,7025251,51157,71627.0,YUL,45.47,-73.74,452814000,-734427000,36.0,2013,2024,2013.0,2024.0,2013.0,2024.0,,
MONTREAL-EST,QUEBEC,7025252,26855,,WPQ,45.63,-73.55,453805000,-733311000,50.4,1994,2008,1994.0,2008.0,1994.0,2008.0,,
NICOLET,QUEBEC,7025442,10732,71723.0,WNQ,46.23,-72.66,461333000,-723926000,8.0,1993,2024,1994.0,2024.0,1993.0,2024.0,,
PIEDMONT,QUEBEC,7026042,42014,,MPD,45.88,-74.09,455300000,-740532000,175.0,2003,2007,2003.0,2007.0,,,,
ROUGEMONT,QUEBEC,7026702,42011,,MRG,45.41,-73.05,452444000,-730303000,54.0,2003,2006,2003.0,2006.0,,,,
RUSSELTOWN,QUEBEC,7026732,42010,,MRU,45.06,-73.8,450329000,-734746000,65.0,2003,2007,2003.0,2007.0,,,,
RUISSEAU CRANBERRY,QUEBEC,7026735,42643,,MRY,45.12,-73.68,450710000,-734046000,59.0,2004,2007,2004.0,2007.0,,,,
SAINT-CAMILLE-DE-LELLIS,QUEBEC,7026930,55158,73105.0,GSA,46.49,-70.21,462940047,-701225060,402.0,2020,2024,2020.0,2024.0,2020.0,2024.0,,
STE-CLOTILDE,QUEBEC,7027039,10762,71614.0,WIT,45.17,-73.68,451002000,-734044000,53.0,1993,2024,1994.0,2024.0,1993.0,2024.0,,
SAINT-CELESTIN,QUEBEC,7027075,42603,,MSC,46.21,-72.45,461221000,-722645000,55.0,2004,2007,2004.0,2007.0,,,,
SAINT-CHRYSOSTOME,QUEBEC,7027081,42784,,MYT,45.13,-73.77,450759042,-734609079,55.0,2004,2006,2004.0,2006.0,,,,
SAINT-CONSTANT,QUEBEC,7027084,42783,,MCT,45.33,-73.58,451948010,-733448070,39.0,2004,2006,2004.0,2006.0,,,,
MONTREAL/ST-HUBERT A,QUEBEC,7027320,5490,71371.0,YHU,45.52,-73.42,453100000,-732500000,27.4,1928,2015,1953.0,2005.0,1928.0,2015.0,1928.0,2015.0
MONTREAL/ST-HUBERT A,QUEBEC,7027322,30170,71371.0,YHU,45.52,-73.42,453100000,-732500000,27.4,2004,2010,2004.0,2010.0,2005.0,2010.0,2005.0,2010.0
MONTREAL/ST-HUBERT,QUEBEC,7027329,48374,71371.0,YHU,45.52,-73.42,453103000,-732501000,27.4,2009,2024,2009.0,2024.0,2009.0,2024.0,,
ST JEAN,QUEBEC,7027394,55461,,YJN,45.29,-73.28,451740000,-731654000,41.45,2023,2024,2023.0,2024.0,2023.0,2024.0,,
ST LAMBERT,QUEBEC,7027437,10939,,WLH,45.5,-73.52,453000000,-733100000,6.7,1994,1994,1994.0,1994.0,,,,
SAINT-GERMAIN-DE-GRANTHAM,QUEBEC,7027470,47587,71967.0,MSI,45.83,-72.54,454931200,-723213100,85.0,2008,2024,2008.0,2024.0,2008.0,2024.0,,
SAINT-LOUIS,QUEBEC,7027490,43191,,MLI,45.87,-73.0,455212018,-730016319,31.0,2005,2007,2005.0,2007.0,,,,
SAINT-MICHEL-DE-NAPIERVILLE,QUEBEC,7027570,42604,,MSX,45.19,-73.62,451113000,-733727000,59.0,2004,2006,2004.0,2006.0,,,,
SAINTE-SABINE,QUEBEC,7027720,42012,,MSB,45.22,-73.02,451324000,-730124000,49.0,2003,2006,2003.0,2006.0,,,,
SHERBROOKE,QUEBEC,7028123,48371,71610.0,YSC,45.44,-71.69,452619000,-714129000,241.4,2009,2024,2009.0,2024.0,2009.0,2024.0,,
SHERBROOKE A,QUEBEC,7028124,5530,71610.0,YSC,45.43,-71.68,452600000,-714100000,241.4,1962,2016,1962.0,2005.0,1962.0,2016.0,1962.0,2004.0
SHERBROOKE A,QUEBEC,7028126,30171,,GSC,45.43,-71.68,452600000,-714100000,241.4,2004,2010,2004.0,2009.0,2005.0,2010.0,2005.0,2005.0
THETFORD MINES RCS,QUEBEC,7028442,45309,71494.0,MTH,46.05,-71.27,460257002,-711558004,430.0,2006,2024,2006.0,2024.0,2006.0,2024.0,,
VALLEYFIELD (ECLUSE),QUEBEC,7028682,10952,,WVE,45.23,-74.1,451400000,-740600000,46.3,1994,1995,1994.0,1995.0,,,,
BEAUCEVILLE,QUEBEC,7028754,26777,71323.0,WHV,46.21,-70.79,461218000,-704706000,229.2,1994,2024,1994.0,2024.0,1994.0,2024.0,,
COTE-STE-CATHERINE,QUEBEC,702A9MD,10949,,WCS,45.42,-73.57,452500000,-733400000,16.6,1994,1995,1994.0,1995.0,,,,
LAC MEMPHREMAGOG,QUEBEC,702CFGG,10801,,WTT,45.27,-72.17,451600000,-721000000,208.7,1994,2024,1994.0,2024.0,2018.0,2024.0,,
STE-ANNE-DE-BELLEVUE 1,QUEBEC,702FHL8,10873,71377.0,WVQ,45.43,-73.93,452538000,-735545000,39.0,1993,2024,1994.0,2024.0,1993.0,2024.0,,
ST-ANICET 1,QUEBEC,702FQLF,10982,71712.0,WBZ,45.12,-74.29,450715000,-741722000,49.1,1994,2024,1994.0,2024.0,1994.0,2024.0,,
L'ACADIE,QUEBEC,702LED4,10843,71372.0,WIZ,45.29,-73.35,451738000,-732058000,43.8,1994,2024,1994.0,2024.0,1994.0,2024.0,,
LAUZON (AUT),QUEBEC,702MKNL,10248,,WLU,46.83,-71.16,464955000,-710931000,20.0,1994,2007,1994.0,2007.0,,,,
MONTREAL/PIERRE ELLIOTT TRUDEAU INTL,QUEBEC,702S006,30165,71183.0,WTQ,45.47,-73.74,452804000,-734430000,32.1,2002,2024,2008.0,2024.0,2002.0,2024.0,,
CHATHAM-BROWNSBURG,QUEBEC,7031320,43190,,MBB,45.62,-74.41,453723080,-742439020,75.0,2004,2007,2004.0,2007.0,,,,
GATINEAU A,QUEBEC,7032681,8375,,YND,45.52,-75.57,453100000,-753400000,64.3,1981,2012,1981.0,2012.0,,,,
OTTAWA GATINEAU A,QUEBEC,7032682,50719,,YND,45.52,-75.56,453118000,-753349000,64.3,2012,2024,2012.0,2024.0,,,,
OTTAWA GATINEAU A,QUEBEC,7032685,53001,,YND,45.52,-75.56,453118000,-753349000,64.3,2014,2024,2014.0,2024.0,2018.0,2024.0,,
HARRINGTON,QUEBEC,7032990,43192,,MHN,45.8,-74.64,454752030,-743839080,168.0,2004,2006,2004.0,2006.0,,,,
HIGH FALLS,QUEBEC,7033121,27717,71391.0,XHF,45.84,-75.65,455022000,-753853000,194.6,1999,2022,1999.0,2022.0,1999.0,2022.0,,
LA MACAZA A,QUEBEC,7033940,5600,,,46.4,-74.78,462400000,-744700000,245.1,1956,1976,,,1956.0,1976.0,1956.0,1976.0
LOCHABER,QUEBEC,7034310,43188,,MHB,45.64,-75.21,453822020,-751228000,105.0,2004,2005,2004.0,2005.0,,,,
MANIWAKI UA,QUEBEC,7034480,5607,71722.0,WMW,46.3,-76.01,461806500,-760021800,188.58,1953,2018,1953.0,1993.0,1953.0,2018.0,1953.0,1993.0
MANIWAKI AIRPORT,QUEBEC,7034482,5606,71721.0,WMJ,46.27,-75.99,461629000,-755931000,199.7,1972,2024,1994.0,2024.0,1993.0,2024.0,1972.0,2005.0
MONTREAL MIRABEL INTL A,QUEBEC,7034900,49608,,YMX,45.68,-74.04,454050000,-740219000,82.3,2012,2024,2012.0,2024.0,2018.0,2024.0,,
MONTREAL/MIRABEL INT'L A,QUEBEC,7035290,5616,,YMX,45.67,-74.03,454000000,-740200000,82.6,1975,2012,1975.0,2012.0,1975.0,2008.0,1975.0,2008.0
SAINT-ANDRE-AVELIN,QUEBEC,7036800,43103,,MAN,45.81,-75.06,454851007,-750347005,195.0,2004,2007,2004.0,2007.0,,,,
ST-JOVITE,QUEBEC,703GDKB,10868,71376.0,WJT,46.08,-74.56,460449000,-743321000,238.5,1994,2024,1994.0,2024.0,1994.0,2024.0,,
BAIE-COMEAU A,QUEBEC,7040440,5662,,,49.13,-68.2,490800000,-681200000,21.6,1947,2005,1956.0,2005.0,1947.0,2005.0,1947.0,2004.0
BAIE-COMEAU A,QUEBEC,7040442,30173,71890.0,GBC,49.13,-68.2,490800000,-681200000,21.6,2004,2024,2004.0,2024.0,2005.0,2024.0,2005.0,2005.0
BAIE-COMEAU,QUEBEC,7040444,48968,71691.0,YBC,49.13,-68.2,490757000,-681216000,21.6,2010,2024,2010.0,2024.0,2010.0,2024.0,,
LOURDES DE BLANC SABLON A,QUEBEC,7040813,5669,71808.0,YBX,51.45,-57.18,512700000,-571100000,37.18,1970,2014,1970.0,2014.0,1982.0,2014.0,1982.0,2014.0
LOURDES DE BLANC SABLON A,QUEBEC,7040815,53140,71808.0,YBX,51.44,-57.19,512631000,-571110000,37.2,2014,2024,2014.0,2024.0,2014.0,2024.0,,
LOURDES DE BLANC SABLON A,QUEBEC,7040816,54298,,YBX,51.44,-57.19,512631000,-571110000,37.2,2016,2024,2016.0,2024.0,2018.0,2024.0,,
CAPE WHITTLE,QUEBEC,7041100,5672,71374.0,WQW,50.16,-60.06,500947000,-600342000,7.0,1963,2024,1994.0,2024.0,1963.0,2024.0,1963.0,1968.0
CAP-ROUGE,QUEBEC,7041166,10963,71186.0,WQM,48.37,-70.54,482227000,-703207000,7.3,1994,2024,1994.0,2024.0,1994.0,2024.0,,
CHARLEVOIX A,QUEBEC,7041310,8455,,YML,47.6,-70.23,473600000,-701400000,298.0,1994,2018,1994.0,2018.0,,,,
CHARLEVOIX (MRC),QUEBEC,7041312,27442,71319.0,WIS,47.28,-70.64,471703000,-703815000,722.74,1997,2024,1997.0,2024.0,1997.0,2024.0,,
CHEVERY,QUEBEC,7041382,8456,71814.0,WDM,50.47,-59.64,502754000,-593822000,7.7,1992,2024,1994.0,2024.0,1992.0,2024.0,,
COROSSOL,QUEBEC,7041934,10246,,WGA,50.08,-66.38,500500000,-662300000,45.7,1994,1996,1994.0,1996.0,,,,
CAP-TOURMENTE,QUEBEC,7041JG6,10869,71384.0,WTN,47.08,-70.78,470443000,-704651000,6.0,1993,2024,1994.0,2024.0,1993.0,2024.0,,
FORET MONTMORENCY RCS,QUEBEC,7042395,32413,71212.0,MFM,47.32,-71.15,471922000,-710854000,672.8,2003,2024,2003.0,2024.0,2003.0,2024.0,,
GAGNON A,QUEBEC,7042590,5683,,,51.95,-68.13,515700000,-680800000,567.2,1965,1985,1965.0,1985.0,1965.0,1985.0,1965.0,1985.0
GRANDES-BERGERONNES,QUEBEC,7042845,54698,71942.0,MGZ,48.26,-69.52,481529000,-693122000,61.0,2018,2024,2018.0,2024.0,2018.0,2024.0,,
HAVRE ST PIERRE A,QUEBEC,7043017,5692,,,50.25,-63.6,501500000,-633600000,4.9,1967,1978,1967.0,1978.0,1967.0,1978.0,1967.0,1978.0
HAVRE-SAINT-PIERRE A,QUEBEC,7043018,5693,71313.0,YGV,50.28,-63.6,501700000,-633600000,37.8,1983,2008,1983.0,2008.0,1983.0,2008.0,1984.0,1994.0
HAVRE ST. PIERRE,QUEBEC,7043019,48970,71584.0,YGV,50.28,-63.61,501655000,-633641000,37.8,2010,2024,2010.0,2024.0,2010.0,2024.0,,
HAVRE-SAINT-PIERRE A,QUEBEC,7043020,30130,71313.0,YGV,50.28,-63.6,501700000,-633600000,37.8,2000,2011,2000.0,2011.0,2008.0,2010.0,,
ILE AUX PERROQUETS,QUEBEC,7043B79,10937,71375.0,WQR,50.22,-64.21,501315000,-641226000,9.0,1994,2024,1994.0,2024.0,1994.0,2024.0,,
ILE ROUGE,QUEBEC,7043BP9,8674,71426.0,WAF,48.07,-69.56,480408000,-693320000,5.9,1993,2024,1994.0,2024.0,1993.0,2024.0,,
LONGUE-POINTE-DE-MINGAN,QUEBEC,7044328,10977,71512.0,WBT,50.27,-64.23,501617000,-641335000,11.0,1994,2024,1994.0,2024.0,1994.0,2024.0,,
MANICOUAGAN A,QUEBEC,7044470,5707,,,50.65,-68.83,503900000,-685000000,406.3,1961,1971,1961.0,1971.0,1961.0,1971.0,1961.0,1971.0
MINGAN A,QUEBEC,7044981,5711,,,50.28,-64.13,501700000,-640800000,21.6,1978,1983,1978.0,1983.0,1978.0,1983.0,1978.0,1983.0
NATASHQUAN A,QUEBEC,7045398,48971,71513.0,YNA,50.19,-61.79,501124000,-614720000,11.9,2010,2024,2010.0,2024.0,2010.0,2024.0,,
NATASHQUAN A,QUEBEC,7045400,5715,,YNA,50.18,-61.82,501100000,-614900000,10.7,1914,2008,1957.0,2008.0,1914.0,2008.0,1914.0,2003.0
NATASHQUAN AIRPORT,QUEBEC,7045401,30168,71813.0,MNT,50.19,-61.81,501124004,-614839001,11.7,2008,2024,2008.0,2024.0,2008.0,2024.0,,
POINTE DE L'ISLET,QUEBEC,7046059,10966,71190.0,WQD,48.14,-69.72,480808000,-694259000,7.0,1994,2024,1994.0,2024.0,1995.0,2024.0,,
POINTE CLAVEAU,QUEBEC,704607C,10964,71189.0,WQV,48.26,-70.11,481537000,-700652000,4.0,1994,2024,1994.0,2024.0,1994.0,2024.0,,
SEPT-ILES A,QUEBEC,7047910,5742,,YZV,50.22,-66.27,501300000,-661600000,54.9,1944,2014,1953.0,2014.0,1944.0,2002.0,1944.0,2001.0
SEPT-ILES A,QUEBEC,7047911,52199,,YZV,50.22,-66.27,501324000,-661556000,54.9,2014,2024,2014.0,2024.0,2018.0,2024.0,,
SEPT-ILES,QUEBEC,7047914,42683,71279.0,XZV,50.22,-66.25,501300000,-661500000,52.6,2002,2024,2002.0,2024.0,2002.0,2024.0,2005.0,2005.0
LAC EON,QUEBEC,704C64L,8404,71421.0,WEO,51.87,-63.28,515202000,-631701000,588.9,1993,2024,1994.0,2024.0,1993.0,2024.0,,
POINTE-DES-MONTS,QUEBEC,704F0PN,9029,71427.0,WTG,49.32,-67.38,491900000,-672252000,5.9,1992,2024,1994.0,2024.0,1992.0,2024.0,,
POINTE NOIRE CS,QUEBEC,704Q003,27326,71390.0,WIP,50.16,-66.43,500945000,-662602000,24.0,1997,2024,1997.0,2024.0,1997.0,2024.0,,
BAIE-COMEAU,QUEBEC,704S001,26889,71829.0,WFW,49.26,-68.15,491533000,-680845000,129.5,1995,2024,1995.0,2024.0,1996.0,2024.0,,
BLANC-SABLON A (AUT),QUEBEC,704S004,30167,71808.0,YBX,51.45,-57.18,512700000,-571100000,36.9,2008,2008,,,2008.0,2008.0,,
AMQUI,QUEBEC,7050145,26887,71386.0,WZS,48.47,-67.43,482819000,-672605000,166.0,1995,2019,1995.0,2019.0,1996.0,2019.0,,
CAP-D'ESPOIR,QUEBEC,7051050,9001,71429.0,WRZ,48.42,-64.32,482510000,-641901000,15.4,1992,2024,1994.0,2024.0,1992.0,2024.0,,
CAP-MADELEINE,QUEBEC,7051163,8999,71425.0,WSF,49.25,-65.32,491503000,-651929000,29.0,1992,2024,1994.0,2024.0,1992.0,2024.0,,
CAUSAPSCAL AIRPORT,QUEBEC,7051201,54558,73005.0,GCL,48.31,-67.25,481831074,-671509090,123.0,2017,2024,2017.0,2024.0,2017.0,2024.0,,
GASPE A,QUEBEC,7052601,51297,71188.0,YGP,48.78,-64.48,484631000,-642847000,34.1,2013,2024,2013.0,2024.0,2013.0,2024.0,,
GASPE A,QUEBEC,7052602,54299,,YGP,48.78,-64.48,484631000,-642847000,34.1,2016,2024,2016.0,2024.0,2018.0,2024.0,,
GASPE AIRPORT,QUEBEC,7052603,54918,73116.0,GGA,48.78,-64.48,484700000,-642900000,36.0,2019,2024,2019.0,2024.0,2019.0,2024.0,,
GASPE A,QUEBEC,7052605,5794,71188.0,YGP,48.78,-64.48,484637000,-642841000,34.1,1965,2013,1965.0,2013.0,1968.0,2013.0,1968.0,2013.0
HEATH POINT,QUEBEC,7053038,8675,71423.0,WHP,49.09,-61.7,490507000,-614202000,7.0,1992,2023,1994.0,2023.0,1992.0,2023.0,,
ILES DE LA MADELEINE A,QUEBEC,7053250,51139,71709.0,YGR,47.43,-61.78,472530000,-614641000,10.7,2013,2024,2013.0,2024.0,2013.0,2018.0,,
ILES DE LA MADELEINE A,QUEBEC,7053254,53002,,YGR,47.43,-61.78,472530000,-614641000,10.7,2014,2024,2014.0,2024.0,2018.0,2024.0,,
ILES DE LA MADELEINE,QUEBEC,7053KGR,10763,71710.0,WGR,47.43,-61.77,472531000,-614629000,7.6,1993,2024,1993.0,2024.0,1995.0,2024.0,,
LA POCATIERE,QUEBEC,7054096,26893,71713.0,WST,47.36,-70.03,472121000,-700155000,31.0,1996,2024,1996.0,2024.0,1996.0,2024.0,,
MONT-JOLI A,QUEBEC,7055120,5814,71718.0,YYY,48.6,-68.22,483600000,-681300000,52.4,1943,2013,1953.0,2013.0,1943.0,2013.0,1943.0,2005.0
MONT JOLI A,QUEBEC,7055121,50841,71718.0,YYY,48.61,-68.21,483632000,-681227000,52.4,2013,2024,2013.0,2024.0,2013.0,2024.0,,
MONT-JOLI,QUEBEC,7055122,54118,71658.0,MJI,48.6,-68.19,483615901,-681140682,55.0,2015,2024,2015.0,2024.0,2015.0,2024.0,,
NEW CARLISLE 1,QUEBEC,7055422,10898,71619.0,WOC,48.01,-65.33,480043000,-651954000,46.4,1993,2024,1994.0,2024.0,1993.0,2024.0,,
NEW RICHMOND EAST,QUEBEC,7055440,54559,71659.0,MJN,48.16,-65.84,480923064,-655031002,2.0,2017,2024,2017.0,2024.0,2017.0,2024.0,,
POINTE-AU-PERE (INRS),QUEBEC,7056068,27194,71554.0,WYQ,48.51,-68.47,483050000,-682806000,4.9,1996,2024,1996.0,2024.0,1996.0,2024.0,,
PORT-MENIER,QUEBEC,7056202,8536,71810.0,WBY,49.84,-64.29,495019000,-641736000,55.2,1992,2024,1994.0,2024.0,1992.0,2024.0,,
RIVIERE-DU-LOUP,QUEBEC,7056616,8539,71715.0,WNH,47.81,-69.55,474821000,-693255000,146.5,1992,2024,1994.0,2024.0,1992.0,2024.0,,
SAINT-DENIS-DE-KAMOURASKA,QUEBEC,7057096,43681,,MSD,47.51,-69.88,473043000,-695300000,14.0,2005,2007,2005.0,2007.0,,,,
ILES DE LA MADELEINE A,QUEBEC,705C2G9,5748,71709.0,YGR,47.42,-61.78,472500000,-614700000,10.7,1978,2013,1978.0,2013.0,1983.0,2013.0,1983.0,2002.0
ILE BICQUETTE,QUEBEC,705LKPQ,10938,71385.0,WQO,48.42,-68.89,482456000,-685334000,7.0,1994,2024,1994.0,2024.0,1994.0,2024.0,,
CAP-CHAT,QUEBEC,705S002,27195,71428.0,WSG,49.11,-66.65,490633000,-663916000,5.0,1996,2024,1996.0,2024.0,1996.0,2024.0,,
BAGOTVILLE AIRPORT,QUEBEC,7060390,55359,73035.0,MBE,48.33,-71.0,481950000,-705947000,150.0,2022,2024,2022.0,2024.0,2022.0,2024.0,,
BAGOTVILLE A,QUEBEC,7060400,5889,71727.0,YBG,48.33,-71.0,482000000,-710000000,159.1,1942,2024,1953.0,2024.0,1942.0,2024.0,1942.0,2017.0
BONNARD 1,QUEBEC,7060826,10874,71383.0,WKD,50.73,-71.01,504344000,-710047000,498.0,1994,2024,1994.0,2024.0,1994.0,2024.0,,
CHAMOUCHOUANE,QUEBEC,7061288,26797,71523.0,WEE,49.28,-73.36,491643000,-732120000,303.8,1994,2024,1994.0,2024.0,1994.0,2024.0,,
CHUTE-DES-PASSES,QUEBEC,7061541,5903,71522.0,WDT,49.84,-71.17,495025000,-711006000,398.2,1960,2024,1994.0,2024.0,1960.0,2024.0,1960.0,1976.0
JONQUIERE,QUEBEC,7063370,5911,71617.0,WJO,48.43,-71.14,482530012,-710833001,135.62,1963,2024,1994.0,2024.0,1963.0,2024.0,1963.0,1975.0
LATERRIERE,QUEBEC,7064181,30722,71040.0,XLT,48.31,-71.13,481826000,-710745000,162.7,2001,2024,2002.0,2024.0,2001.0,2024.0,,
MISTOOK,QUEBEC,7065012,10797,71381.0,WIX,48.6,-71.72,483554000,-714257000,112.5,1994,2024,1994.0,2024.0,1994.0,2024.0,,
NORMANDIN,QUEBEC,7065639,10872,71379.0,WOD,48.84,-72.55,485030000,-723249000,137.2,1993,2024,1994.0,2024.0,1993.0,2024.0,,
ONATCHIWAY,QUEBEC,7065738,27294,71387.0,WXC,48.89,-71.03,485339000,-710154000,304.0,1997,2024,1997.0,2024.0,1997.0,2024.0,,
ROBERVAL A,QUEBEC,7066685,5934,71728.0,YRJ,48.52,-72.27,483100000,-721600000,178.6,1957,2014,1958.0,2014.0,1957.0,2014.0,1957.0,2005.0
ROBERVAL A,QUEBEC,7066686,52080,71728.0,YRJ,48.52,-72.27,483112000,-721557000,178.6,2014,2024,2014.0,2024.0,2014.0,2024.0,,
ROBERVAL A,QUEBEC,7066687,54300,,YRJ,48.52,-72.27,483112000,-721557000,178.6,2016,2024,2016.0,2024.0,2018.0,2024.0,,
ST-HENRI,QUEBEC,7067307,10799,,WIA,48.65,-71.85,483900000,-715100000,103.0,1994,2009,1994.0,2009.0,,,,
ST-GEDEON,QUEBEC,706G2PF,10796,,WIU,48.48,-71.78,482900000,-714700000,103.0,1994,2006,1994.0,2006.0,,,,
CHICOUTIMI ST-HONORE A,QUEBEC,706G3J7,55459,,YRC,48.52,-71.05,483115000,-710302000,165.81,2023,2024,2023.0,2024.0,2023.0,2024.0,,
LAC BENOIT,QUEBEC,706I001,26778,71520.0,WDE,51.53,-71.11,513157000,-710639000,549.0,1994,2024,1994.0,2024.0,1995.0,2024.0,,
MANOUANE EST,QUEBEC,706I155,26798,71521.0,WDP,50.66,-70.53,503923000,-703155000,497.0,1994,2024,1994.0,2024.0,1994.0,2024.0,,
LA BAIE,QUEBEC,706Q001,27315,71388.0,WUX,48.3,-70.92,481753172,-705510333,151.64,1997,2024,1997.0,2024.0,1997.0,2024.0,,
COMMISSAIRE,QUEBEC,7071912,44786,,MCM,47.99,-72.3,475928000,-721810000,419.0,2006,2008,2006.0,2008.0,,,,
PARENT,QUEBEC,7075800,5966,71726.0,WPK,47.92,-74.62,475520008,-743727007,444.71,1943,2024,1953.0,2024.0,1943.0,2024.0,1943.0,1978.0
SAINT-MICHEL-DES-SAINTS,QUEBEC,7077571,48188,71737.0,MMY,46.82,-74.09,464856010,-740538050,429.9,2009,2024,2009.0,2024.0,2009.0,2024.0,,
LA TUQUE,QUEBEC,707DBD4,10875,71378.0,WDQ,47.41,-72.79,472440000,-724715000,168.9,1994,2024,1994.0,2024.0,1994.0,2024.0,,
BARRAGE ANGLIERS,QUEBEC,7080452,5976,,WRC,47.55,-79.24,473307000,-791409000,266.9,1911,2007,1996.0,2007.0,1911.0,2007.0,1911.0,1996.0
BARRAGE TEMISCAMINGUE,QUEBEC,7080468,5977,71732.0,WBA,46.71,-79.1,464235000,-790604000,181.4,1910,2024,1997.0,2024.0,1910.0,2024.0,1910.0,1995.0
LAC DES LOUPS A,QUEBEC,7083620,5983,,,46.98,-76.48,465900000,-762900000,387.1,1956,1967,,,1956.0,1967.0,1956.0,1967.0
ROQUEMAURE,QUEBEC,7086697,10893,,WGQ,48.63,-79.46,483757000,-792728000,269.4,1994,2010,1994.0,2003.0,1994.0,2010.0,,
ROUYN,QUEBEC,7086716,10849,71734.0,WUY,48.25,-79.03,481445000,-790203000,318.0,1994,2024,1994.0,2024.0,1994.0,2024.0,,
ROUYN-NORANDA A,QUEBEC,7086719,50090,,YUY,48.21,-78.84,481222000,-785008000,301.1,2012,2024,2012.0,2024.0,2018.0,2024.0,,
ROUYN A,QUEBEC,7086720,6001,,YUY,48.22,-78.83,481300000,-785000000,301.1,1950,2012,1954.0,2012.0,1950.0,1955.0,1950.0,1961.0
CHAPAIS,QUEBEC,7091299,27443,71824.0,WUK,49.82,-74.98,494921000,-745831000,381.1,2001,2024,2001.0,2024.0,2001.0,2024.0,,
CHIBOUGAMAU-CHAPAIS A,QUEBEC,7091399,10865,71822.0,YMT,49.77,-74.53,494600000,-743200000,387.1,1992,2008,1994.0,2005.0,1992.0,2008.0,,
CHIBOUGAMAU A,QUEBEC,7091401,6028,,,49.82,-74.42,494900000,-742500000,401.7,1971,1982,1971.0,1982.0,1971.0,1982.0,1971.0,1982.0
CHIBOUGAMAU CHAPAIS A,QUEBEC,7091404,6029,71822.0,YMT,49.77,-74.53,494600000,-743200000,387.1,1982,2016,1982.0,2014.0,1982.0,2016.0,1982.0,1992.0
CHIBOUGAMAU CHAPAIS A,QUEBEC,7091405,52603,,YMT,49.77,-74.53,494619000,-743141000,387.1,2014,2016,2014.0,2016.0,,,,
CHIBOUGAMAU CHAPAIS A,QUEBEC,7091409,53019,,YMT,49.77,-74.53,494619000,-743141000,387.1,2014,2024,2014.0,2024.0,2018.0,2024.0,,
CHIBOUGAMAU-CHAPAIS,QUEBEC,7091410,54599,73011.0,GCH,49.78,-74.53,494638058,-743149068,381.0,2017,2024,2017.0,2024.0,2017.0,2024.0,,
EASTMAIN RIVER A,QUEBEC,7092306,52605,,ZEM,52.23,-78.52,521335000,-783121000,7.3,2011,2024,2011.0,2024.0,,,,
EASTMAIN A,QUEBEC,709230N,9002,,ZEM,52.23,-78.52,521400000,-783100000,7.32,1992,2014,1992.0,2014.0,,,,
EASTMAIN RIVER A,QUEBEC,7092310,53338,,ZEM,52.23,-78.52,521335000,-783121000,7.3,2014,2024,2014.0,2024.0,2018.0,2024.0,,
LA GRANDE 4 A,QUEBEC,7093714,49648,71003.0,YAH,53.75,-73.68,534517000,-734031000,306.3,2011,2024,2011.0,2024.0,2011.0,2024.0,,
LA GRANDE RIVIERE A,QUEBEC,7093715,6047,71827.0,YGL,53.63,-77.7,533800000,-774200000,195.1,1976,2012,1976.0,2012.0,1976.0,2012.0,1976.0,2005.0
LA GRANDE RIVIERE A,QUEBEC,7093716,50822,71827.0,YGL,53.63,-77.7,533731000,-774215000,194.8,2012,2024,2012.0,2024.0,2012.0,2024.0,,
LA GRANDE IV A,QUEBEC,7093GAC,10798,,YAH,53.76,-73.68,534526000,-734045000,306.3,2005,2013,2005.0,2013.0,,,,
LA GRANDE III A,QUEBEC,7093GAL,8992,,YAD,53.57,-76.2,533400000,-761200000,236.22,1994,2015,1994.0,2015.0,,,,
LA GRANDE IV A,QUEBEC,7093GJ3,6038,,YAH,53.76,-73.68,534526000,-734045000,306.3,1985,2018,1985.0,2005.0,1985.0,2018.0,1986.0,1995.0
LA GRANDE IV,QUEBEC,7093GJ5,44204,71823.0,GAH,53.76,-73.68,534526000,-734043000,302.8,2005,2024,2005.0,2024.0,2005.0,2024.0,,
MATAGAMI A,QUEBEC,7094636,49491,71947.0,YNM,49.76,-77.8,494542000,-774810000,279.8,2011,2024,2011.0,2024.0,2011.0,2024.0,,
MATAGAMI,QUEBEC,7094637,10791,71821.0,GMG,49.76,-77.79,494528020,-774735060,281.03,1992,2024,1994.0,2024.0,1992.0,2024.0,,
MATAGAMI A,QUEBEC,7094639,6053,,,49.77,-77.82,494600000,-774900000,281.3,1973,1991,1973.0,1991.0,1973.0,1991.0,1973.0,1991.0
NEMISCAU A,QUEBEC,7095412,8676,,YHH,51.7,-76.12,514200000,-760700000,244.5,1994,2015,1994.0,2015.0,,,,
SENNETERRE A,QUEBEC,7097902,6076,,,48.33,-77.18,482000000,-771100000,338.6,1960,1960,,,1960.0,1960.0,1960.0,1960.0
VAL-D'OR A,QUEBEC,7098600,6081,71725.0,YVO,48.06,-77.79,480323000,-774712000,337.4,1951,2024,1955.0,2012.0,1951.0,2024.0,1951.0,2005.0
VAL-D'OR,QUEBEC,7098603,30172,71725.0,GVO,48.06,-77.79,480323004,-774711007,338.88,2008,2024,2008.0,2024.0,2008.0,2024.0,,
VAL D'OR A,QUEBEC,7098605,49390,71941.0,YVO,48.05,-77.78,480312000,-774658000,337.4,2011,2024,2011.0,2024.0,2011.0,2024.0,,
VAL D'OR A,QUEBEC,7098606,50720,,YVO,48.05,-77.78,480312000,-774658000,337.4,2012,2024,2012.0,2024.0,,,,
WASKAGANISH A,QUEBEC,7098895,10216,,YKQ,51.48,-78.75,512900000,-784500000,24.08,1992,2014,1992.0,2014.0,,,,
WASKAGANISH A,QUEBEC,7098896,52081,,YKQ,51.47,-78.76,512824000,-784530000,24.08,2014,2024,2014.0,2024.0,,,,
WASKAGANISH A,QUEBEC,7098898,53018,,YKQ,51.47,-78.76,512824000,-784530000,24.1,2014,2024,2014.0,2024.0,2018.0,2024.0,,
WEMINDJI A,QUEBEC,7098904,10212,,YNC,53.02,-78.83,530100000,-785000000,20.11,1992,2014,1992.0,2014.0,,,,
WEMINDJI A,QUEBEC,7098905,53158,,YNC,53.01,-78.83,530038000,-784952000,20.1,2014,2024,2014.0,2024.0,,,,
WEMINDJI A,QUEBEC,7098908,53159,,YNC,53.01,-78.83,530038000,-784952000,20.1,2014,2024,2014.0,2024.0,2018.0,2024.0,,
AKULIVIK A,QUEBEC,7100071,54067,,YKO,60.82,-78.15,604907000,-780855000,23.2,2015,2024,2015.0,2024.0,,,,
AKULIVIK A,QUEBEC,7100072,54068,,YKO,60.82,-78.15,604907000,-780855000,23.2,2018,2024,2018.0,2024.0,2018.0,2024.0,,
AKULIVIK A,QUEBEC,7100075,10789,,YKO,60.82,-78.15,604900000,-780900000,23.16,1992,2015,1992.0,2015.0,,,,
INUKJUAK A,QUEBEC,7103280,48974,71306.0,YPH,58.47,-78.08,582819000,-780437000,25.3,2011,2024,2011.0,2024.0,2011.0,2024.0,,
INUKJUAK UA,QUEBEC,7103282,6082,71907.0,WPH,58.47,-78.08,582800000,-780500000,24.4,1921,1996,1953.0,1995.0,1921.0,1996.0,1922.0,1994.0
INUKJUAK A,QUEBEC,7103283,10204,,YPH,58.47,-78.08,582819000,-780437000,26.21,1992,2014,1992.0,2014.0,1994.0,2008.0,,
INUKJUAK,QUEBEC,7103285,48268,,MQN,58.45,-78.17,582704175,-781003864,10.0,2009,2010,2009.0,2010.0,,,,
IVUJIVIK A,QUEBEC,7103327,8660,,YIK,62.42,-77.93,622456000,-775531000,38.7,1992,2015,1992.0,2015.0,,,,
IVUJIVIK A,QUEBEC,7103328,54065,,YIK,62.42,-77.93,622502000,-775531000,38.7,2015,2024,2015.0,2024.0,,,,
IVUJIVIK A,QUEBEC,7103329,54066,,YIK,62.42,-77.93,622502000,-775531000,38.7,2018,2024,2018.0,2024.0,2018.0,2024.0,,
KUUJJUARAPIK A,QUEBEC,7103536,6083,,YGW,55.28,-77.75,551700000,-774500000,12.2,1925,2014,1957.0,2014.0,1925.0,2014.0,1926.0,2009.0
KUUJJUARAPIK A,QUEBEC,7103537,52201,73127.0,YGW,55.28,-77.77,551655000,-774555000,12.2,2014,2024,2014.0,2024.0,2018.0,2024.0,,
KUUJJUARAPIK,QUEBEC,7103539,53978,71615.0,MFJ,55.37,-77.57,552200000,-773400000,30.0,2015,2024,2015.0,2024.0,2015.0,2024.0,,
PUVIRNITUQ A,QUEBEC,7106222,10877,,YPX,60.05,-77.28,600300000,-771700000,25.3,1993,2014,1993.0,2014.0,,,,
PUVIRNITUQ A,QUEBEC,7106223,52038,73128.0,YPX,60.05,-77.29,600308000,-771715000,25.3,2014,2024,2014.0,2024.0,2018.0,2024.0,,
UMIUJAQ A,QUEBEC,7108564,54070,,YMU,56.54,-76.52,563210000,-763106000,76.5,2018,2024,2018.0,2024.0,2018.0,2024.0,,
UMIUJAQ A,QUEBEC,7108566,54069,,YMU,56.54,-76.52,563210000,-763106000,76.5,2015,2024,2015.0,2024.0,,,,
UMIUJAQ A,QUEBEC,7108568,10878,,YMU,56.53,-76.52,563156000,-763112008,76.5,1993,2015,1993.0,2015.0,,,,
INUKJUAK,QUEBEC,710S005,30166,71907.0,MJK,58.47,-78.08,582819000,-780437000,26.21,2008,2024,2008.0,2024.0,2008.0,2024.0,,
AUPALUK A,QUEBEC,7110600,54038,,YLA,59.3,-69.6,591748000,-693559000,36.9,2015,2024,2015.0,2024.0,,,,
AUPALUK A,QUEBEC,7110601,54058,,YLA,59.3,-69.6,591748000,-693559000,36.9,2018,2024,2018.0,2024.0,2018.0,2024.0,,
BORDER A,QUEBEC,7110830,6088,,,55.33,-63.22,552000000,-631300000,464.8,1965,1979,1965.0,1979.0,1965.0,1979.0,1965.0,1979.0
BORDER (AUT),QUEBEC,7110831,8668,,WTB,55.33,-63.22,552000000,-631300000,479.0,1993,1998,1994.0,1998.0,1993.0,1998.0,,
AUPALUK A,QUEBEC,7110LRJ,10855,,YLA,59.3,-69.6,591810000,-693559000,36.9,1992,2015,1992.0,2015.0,,,,
KANGIQSUJUAQ A,QUEBEC,7113379,54061,,YKG,61.59,-71.93,613519000,-715546000,157.6,2015,2024,2015.0,2024.0,,,,
KANGIQSUJUAQ A,QUEBEC,7113380,54062,,YKG,61.59,-71.93,613519000,-715546000,157.6,2018,2024,2018.0,2024.0,2018.0,2024.0,,
KANGIQSUJUAQ A,QUEBEC,7113381,10252,,YKG,61.59,-71.93,613527001,-715555002,157.58,1992,2015,1992.0,2015.0,,,,
KANGIRSUK A,QUEBEC,7113382,10205,,YAS,60.02,-70.0,600123000,-700013000,123.75,1992,2015,1992.0,2015.0,,,,
KANGIRSUK A,QUEBEC,7113383,54071,,YAS,60.03,-70.0,600138000,-695957000,123.8,2015,2024,2015.0,2024.0,,,,
KANGIRSUK A,QUEBEC,7113384,54072,,YAS,60.03,-70.0,600138000,-695957000,123.8,2018,2024,2018.0,2024.0,2018.0,2024.0,,
KANGIQSUALUJJUAQ A,QUEBEC,7113390,54073,,YLU,58.71,-65.99,584241000,-655934000,66.1,2015,2024,2015.0,2024.0,,,,
KANGIQSUALUJJUAQ A,QUEBEC,7113391,54074,,YLU,58.71,-65.99,584241000,-655934000,66.1,2018,2024,2018.0,2024.0,2018.0,2024.0,,
KUUJJUAQ A,QUEBEC,7113534,6095,71906.0,YVP,58.1,-68.42,580600000,-682500000,39.93,1947,2014,1953.0,2014.0,1947.0,2014.0,1947.0,2005.0
KUUJJUAQ A,QUEBEC,7113535,52179,71906.0,YVP,58.09,-68.42,580522000,-682520000,39.9,2014,2024,2014.0,2024.0,2014.0,2024.0,,
PARC NATIONAL DES PINGUALUIT,QUEBEC,7115800,48228,71976.0,MIN,61.31,-73.67,611846199,-734006264,503.4,2009,2024,2009.0,2024.0,2009.0,2024.0,,
QUAQTAQ A,QUEBEC,7116271,54059,,YHA,61.05,-69.62,610247000,-693704000,32.3,2015,2024,2015.0,2024.0,,,,
QUAQTAQ A,QUEBEC,7116272,10245,,YHA,61.05,-69.62,610254096,-693726046,32.31,1989,2015,1989.0,2015.0,,,,
QUAQTAQ A,QUEBEC,7116273,54060,,YHA,61.05,-69.62,610247000,-693704000,32.3,2018,2024,2018.0,2024.0,2018.0,2024.0,,
RIVIERE AUX FEUILLES,QUEBEC,7116505,44143,71743.0,MRF,57.91,-72.98,575434006,-725833004,171.39,2005,2024,2005.0,2024.0,2006.0,2024.0,,
SALLUIT,QUEBEC,7117800,52378,71641.0,MFX,62.18,-75.67,621046005,-754013006,228.0,2014,2024,2014.0,2024.0,2014.0,2024.0,,
SALLUIT A,QUEBEC,7117801,54063,,YZG,62.18,-75.67,621046000,-754002000,227.1,2015,2024,2015.0,2024.0,,,,
SALLUIT A,QUEBEC,7117802,54064,,YZG,62.18,-75.67,621046000,-754002000,227.1,2018,2024,2018.0,2024.0,2018.0,2024.0,,
SCHEFFERVILLE,QUEBEC,7117821,10876,,ZKL,54.8,-66.8,544800000,-664800000,518.2,1992,1993,,,1992.0,1993.0,,
SCHEFFERVILLE A,QUEBEC,7117823,49649,71921.0,YKL,54.81,-66.81,544819000,-664819000,520.9,2012,2024,2012.0,2024.0,2012.0,2024.0,,
SCHEFFERVILLE COTE-NORD,QUEBEC,7117824,54878,73075.0,GKM,54.8,-66.8,544809072,-664816032,517.2,2019,2024,2019.0,2024.0,2019.0,2024.0,,
SCHEFFERVILLE A,QUEBEC,7117825,6098,,YKL,54.8,-66.82,544800000,-664900000,521.8,1948,2010,1953.0,2010.0,1948.0,2010.0,1948.0,1993.0
SCHEFFERVILLE,QUEBEC,7117827,30164,71828.0,GKL,54.8,-66.8,544800000,-664800000,517.2,2005,2018,2005.0,2018.0,2007.0,2018.0,,
TASIUJAQ A,QUEBEC,7118365,54018,,YTQ,58.67,-69.96,584004000,-695721000,36.9,2012,2024,2012.0,2024.0,,,,
TASIUJAQ A,QUEBEC,7118366,54019,,YTQ,58.67,-69.96,584004000,-695721000,36.9,2018,2024,2018.0,2024.0,2018.0,2024.0,,
TASIUJAQ A,QUEBEC,7118369,10856,,YTQ,58.67,-69.95,584016000,-695655000,36.9,1993,2015,1993.0,2015.0,,,,
SALLUIT A,QUEBEC,711GG87,10226,,YZG,62.18,-75.67,621055005,-754010001,227.08,1969,2015,1969.0,2015.0,,,,
KANGIQSUALUJJUAQ A,QUEBEC,711L380,10684,,YLU,58.71,-65.99,584227080,-655915020,66.14,1992,2015,1992.0,2015.0,,,,
BAS CARAQUET,NEW BRUNSWICK,8100467,6915,71598.0,WXS,47.8,-64.83,474808000,-645000000,5.0,1993,2024,1994.0,2024.0,1993.0,2024.0,1993.0,2007.0
BATHURST A,NEW BRUNSWICK,8100503,6916,71574.0,ZBF,47.63,-65.75,473745050,-654454020,58.8,1992,2013,1994.0,2013.0,1992.0,2013.0,1992.0,2013.0
BATHURST A,NEW BRUNSWICK,8100505,51418,,ZBF,47.63,-65.74,473747000,-654420000,58.8,2013,2018,2013.0,2018.0,2013.0,2018.0,,
BATHURST A,NEW BRUNSWICK,8100506,54283,71574.0,ZBF,47.63,-65.74,473747000,-654420000,58.8,2016,2024,2016.0,2024.0,2018.0,2024.0,,
BOUCTOUCHE CDA CS,NEW BRUNSWICK,8100593,6918,71666.0,ABT,46.43,-64.77,462549006,-644605009,35.9,1991,2021,2005.0,2021.0,1991.0,2021.0,1991.0,2007.0
CHARLO A,NEW BRUNSWICK,8100880,6137,,,47.98,-66.33,475900000,-662000000,40.2,1966,2003,1966.0,2003.0,1966.0,2003.0,1966.0,2002.0
CHARLO AUTO,NEW BRUNSWICK,8100885,42103,71315.0,ZCR,47.99,-66.33,475924000,-662003000,42.0,2003,2024,2003.0,2024.0,2003.0,2024.0,2004.0,2007.0
MIRAMICHI RCS,NEW BRUNSWICK,8100989,10808,71744.0,ACQ,47.01,-65.47,470034000,-652754000,33.0,1994,2024,1994.0,2024.0,2005.0,2024.0,2005.0,2007.0
MIRAMICHI A,NEW BRUNSWICK,8101000,6140,,,47.01,-65.47,470034090,-652804040,32.9,1943,2005,1953.0,2005.0,1943.0,2005.0,1943.0,2005.0
DOAKTOWN AUTO RCS,NEW BRUNSWICK,8101201,51537,71038.0,ADN,46.59,-66.01,463506090,-660035071,43.0,2013,2024,2013.0,2024.0,2013.0,2024.0,,
EDMUNDSTON,NEW BRUNSWICK,8101303,43323,71590.0,ERM,47.42,-68.32,472500000,-681928040,154.2,2004,2024,2004.0,2024.0,2004.0,2024.0,2004.0,2007.0
FREDERICTON A,NEW BRUNSWICK,8101500,6157,,,45.87,-66.53,455219670,-663140410,20.7,1951,2012,1953.0,2010.0,1951.0,2012.0,1951.0,2008.0
FREDERICTON INTL A,NEW BRUNSWICK,8101505,48568,71700.0,YFC,45.87,-66.54,455208000,-663214000,20.7,2010,2024,2010.0,2024.0,2010.0,2024.0,,
FREDERICTON AQUATIC CENTRE C/S,NEW BRUNSWICK,8101507,10981,,WZF,45.96,-66.65,455751060,-663917020,8.3,1994,2021,2005.0,2021.0,1994.0,2021.0,1995.0,1998.0
FREDERICTON CDA CS,NEW BRUNSWICK,8101605,30309,71668.0,AFC,45.92,-66.61,455513000,-663632010,35.08,2000,2024,2004.0,2024.0,2000.0,2024.0,2000.0,2007.0
FUNDY PARK (ALMA) CS,NEW BRUNSWICK,8101746,6919,71191.0,AFY,45.6,-64.95,453600000,-645700000,42.7,1993,2024,2005.0,2024.0,1993.0,2024.0,1993.0,2007.0
GAGETOWN A,NEW BRUNSWICK,8101792,7558,71701.0,YCX,45.83,-66.43,455000000,-662600000,50.6,1976,2024,1976.0,2024.0,2011.0,2017.0,2011.0,2017.0
GAGETOWN AWOS A,NEW BRUNSWICK,8101794,29493,71701.0,YCX,45.84,-66.45,455020000,-662659000,50.6,2000,2022,2000.0,2022.0,2000.0,2022.0,2005.0,2007.0
GANNET ROCK,NEW BRUNSWICK,8101815,10221,,WAK,44.52,-66.78,443100000,-664700000,5.2,1993,1996,,,1993.0,1996.0,,
GRAND MANAN SAR CS,NEW BRUNSWICK,8101925,30598,71030.0,XGM,44.71,-66.8,444243400,-664806900,78.2,2000,2024,2000.0,2024.0,2000.0,2024.0,2004.0,2007.0
KOUCHIBOUGUAC,NEW BRUNSWICK,8102326,54538,71670.0,AKC,46.79,-65.01,464721004,-650047000,21.0,2016,2024,2018.0,2024.0,2016.0,2024.0,,
KOUCHIBOUGUAC CS,NEW BRUNSWICK,8102328,26968,71670.0,AKC,46.78,-65.02,464700000,-650100000,21.0,1995,2018,2005.0,2018.0,1995.0,2018.0,1995.0,2007.0
MECHANIC SETTLEMENT,NEW BRUNSWICK,8102848,45090,71787.0,AMS,45.69,-65.17,454137040,-650954040,403.0,2006,2024,2006.0,2024.0,2006.0,2024.0,2006.0,2007.0
MISCOU ISLAND (AUT),NEW BRUNSWICK,8103050,6205,71719.0,WMI,48.01,-64.49,480032002,-642939008,4.0,1957,2024,1964.0,2024.0,1957.0,2024.0,1957.0,2007.0
MONCTON A,NEW BRUNSWICK,8103200,6207,71705.0,YQM,46.11,-64.68,460619100,-644101700,70.7,1939,2012,1953.0,2012.0,1939.0,2012.0,1939.0,2012.0
MONCTON/GREATER MONCTON ROMEO LEBLANC INTL A,NEW BRUNSWICK,8103201,50309,71705.0,YQM,46.11,-64.68,460644000,-644043000,70.7,2012,2024,2012.0,2024.0,2012.0,2024.0,,
MONCTON / GREATER MONCTON ROMEO LEBLANC INTL A,NEW BRUNSWICK,8103202,54282,,YQM,46.11,-64.68,460644000,-644043000,70.7,2016,2024,2016.0,2024.0,2018.0,2024.0,,
PENNFIELD RIDGE A,NEW BRUNSWICK,8103850,6221,,,45.13,-66.68,450800000,-664100000,73.2,1941,1951,,,1941.0,1951.0,1941.0,1951.0
POINT ESCUMINAC (AUT),NEW BRUNSWICK,8104103,9821,,WPJ,47.07,-64.8,470400000,-644800000,4.0,1986,2002,1986.0,2002.0,1992.0,2002.0,,
POINT LEPREAU CS,NEW BRUNSWICK,8104201,27746,71699.0,WPE,45.07,-66.45,450423040,-662657090,6.0,1992,2024,1994.0,2024.0,1992.0,2024.0,1992.0,2007.0
RED PINES,NEW BRUNSWICK,8104295,48768,71634.0,ARP,47.44,-65.6,472622000,-653552000,124.0,2010,2024,2010.0,2024.0,2010.0,2024.0,,
SAINT JOHN A,NEW BRUNSWICK,8104899,6249,,,45.3,-66.1,451800000,-660600000,29.9,1939,1951,,,1939.0,1951.0,1939.0,1951.0
SAINT JOHN A,NEW BRUNSWICK,8104900,6250,71609.0,YSJ,45.32,-65.89,451905000,-655308050,108.8,1946,2012,1953.0,2012.0,1946.0,2012.0,1947.0,2008.0
SAINT JOHN A,NEW BRUNSWICK,8104901,50310,71609.0,YSJ,45.32,-65.89,451858000,-655324000,108.8,2012,2024,2012.0,2024.0,2012.0,2024.0,,
GARNETT SETTLEMENT,NEW BRUNSWICK,8104905,55378,73038.0,AJH,45.29,-65.81,451723622,-654849147,94.29,2022,2024,2022.0,2024.0,2022.0,2024.0,,
ST LEONARD A,NEW BRUNSWICK,8104928,6256,71703.0,YSL,47.16,-67.83,470928050,-674955014,242.2,1985,2014,1985.0,2014.0,1985.0,2014.0,1985.0,2014.0
ST LEONARD A,NEW BRUNSWICK,8104932,53579,,YSL,47.16,-67.84,470926000,-675011000,242.0,2015,2017,2015.0,2017.0,,,,
ST. STEPHEN,NEW BRUNSWICK,8104935,43383,71607.0,WSS,45.21,-67.25,451236600,-671510300,26.1,2006,2024,2006.0,2024.0,2006.0,2024.0,2006.0,2007.0
ST STEPHEN (AUT),NEW BRUNSWICK,8104937,7026,71607.0,WSS,45.22,-67.25,451300000,-671500000,26.1,1977,2006,1977.0,2006.0,1992.0,2006.0,2005.0,2006.0
SUSSEX FOUR CORNERS,NEW BRUNSWICK,8105210,54078,71656.0,ASF,45.74,-65.53,454430048,-653144039,47.0,2015,2024,2015.0,2024.0,2015.0,2024.0,,
WOODSTOCK NEWBRIDGE,NEW BRUNSWICK,8105603,53238,71606.0,EWD,46.15,-67.54,460908000,-673234000,154.0,2014,2024,2014.0,2024.0,2014.0,2024.0,,
ST LEONARD CS,NEW BRUNSWICK,810I001,26823,71019.0,WIY,47.16,-67.83,470928050,-674955014,245.0,1995,2017,1995.0,2017.0,2001.0,2017.0,2005.0,2007.0
AMHERST (AUT),NOVA SCOTIA,8200091,7103,,WAH,45.85,-64.27,455100000,-641600000,23.0,1992,2005,1994.0,2005.0,1992.0,2005.0,,
BACCARO POINT,NOVA SCOTIA,8200254,10914,,WCP,43.45,-65.47,432658000,-652817000,12.7,1994,2009,1994.0,2009.0,2005.0,2007.0,,
BACCARO PT,NOVA SCOTIA,8200255,46007,71920.0,ACP,43.45,-65.47,432703000,-652818000,4.6,2007,2024,2007.0,2024.0,2007.0,2024.0,2007.0,2007.0
BEAVER ISLAND (AUT),NOVA SCOTIA,8200558,10078,71403.0,WBV,44.82,-62.33,444900000,-622000000,16.0,1992,2024,1994.0,2024.0,1992.0,2024.0,,
BEDFORD BASIN,NOVA SCOTIA,8200573,43406,71329.0,ABB,44.71,-63.63,444228008,-633803001,3.5,2004,2024,2004.0,2024.0,2018.0,2024.0,,
BEDFORD RANGE,NOVA SCOTIA,8200574,43123,71325.0,ABR,44.75,-63.66,444445090,-633942080,9.6,2004,2024,2004.0,2024.0,2018.0,2024.0,,
BEDFORD MWO,NOVA SCOTIA,8200576,26824,,WAZ,44.73,-63.67,444400000,-634000000,32.9,1995,1998,1995.0,1998.0,,,,
BRIER ISLAND,NOVA SCOTIA,8200604,10859,71988.0,WVU,44.29,-66.35,441709000,-662048000,15.8,1969,2024,1969.0,2024.0,2005.0,2024.0,2005.0,2007.0
CAPE GEORGE,NOVA SCOTIA,8200647,10936,,WGU,45.87,-61.9,455227000,-615405000,120.0,1994,2002,1994.0,2002.0,,,,
CARIBOU POINT (AUT),NOVA SCOTIA,8200774,8990,71415.0,WBK,45.77,-62.68,454600000,-624100000,2.4,1993,2024,1994.0,2024.0,1993.0,2024.0,2004.0,2007.0
CHETICAMP CS,NOVA SCOTIA,8200827,27600,71959.0,XCH,46.65,-60.95,463842000,-605650000,43.9,1998,2018,1999.0,2018.0,1998.0,2018.0,1998.0,2007.0
CHETICAMP HIGHLANDS NATIONAL PARK,NOVA SCOTIA,8200828,54618,73023.0,AHT,46.65,-60.95,463904130,-605716790,8.0,2018,2024,2018.0,2024.0,2018.0,2024.0,,
COLLEGEVILLE AUTO,NOVA SCOTIA,8201001,53538,71698.0,AGL,45.49,-62.01,452928300,-620053900,69.0,2015,2024,2015.0,2024.0,2015.0,2024.0,,
DEBERT,NOVA SCOTIA,8201390,42243,71317.0,ZDB,45.42,-63.47,452500000,-632800000,37.5,2003,2024,2003.0,2024.0,2003.0,2024.0,2004.0,2007.0
DEBERT A,NOVA SCOTIA,8201400,6335,,,45.42,-63.45,452500000,-632700000,44.2,1945,1960,1953.0,1960.0,1945.0,1960.0,1945.0,1960.0
DIGBY AIRPORT,NOVA SCOTIA,8201601,6339,,YID,44.55,-65.78,443300000,-654700000,152.1,1989,1997,1994.0,1997.0,1989.0,1997.0,1989.0,1997.0
ESKASONI FIRST NATION AUTOMATIC WEATHER STATION,NOVA SCOTIA,8201780,49748,71175.0,AEI,45.92,-60.65,455514000,-603849000,28.0,2011,2024,2011.0,2024.0,2011.0,2024.0,,
GRAND ETANG,NOVA SCOTIA,8201969,10792,73030.0,WZQ,46.55,-61.05,463300000,-610300000,12.8,1994,2024,1994.0,2024.0,2005.0,2024.0,,
GREENWOOD A,NOVA SCOTIA,8202000,6354,71397.0,YZX,44.98,-64.92,445900000,-645500000,28.0,1942,2024,1953.0,2024.0,1942.0,2024.0,1942.0,2017.0
EMERGENCY WEATHER STATION #2,NOVA SCOTIA,8202195,50208,,ERU,44.73,-64.46,444340000,-642722000,135.0,2013,2023,2013.0,2023.0,2018.0,2023.0,,
HALIFAX COMMONS,NOVA SCOTIA,8202221,49128,,AHF,44.63,-63.58,443800000,-633500000,44.0,2010,2011,2010.0,2011.0,,,,
HALIFAX DOCKYARD,NOVA SCOTIA,8202240,43405,71328.0,AHD,44.66,-63.58,443919000,-633436000,3.8,2004,2024,2004.0,2024.0,2018.0,2024.0,,
HALIFAX STANFIELD INT'L A,NOVA SCOTIA,8202249,53938,,YHZ,44.88,-63.51,445252000,-633031000,145.4,2019,2024,2019.0,2024.0,2019.0,2024.0,,
HALIFAX STANFIELD INT'L A,NOVA SCOTIA,8202250,6358,71395.0,YHZ,44.88,-63.5,445248060,-633000050,145.4,1953,2012,1961.0,2012.0,1953.0,2012.0,1953.0,2012.0
HALIFAX STANFIELD INT'L A,NOVA SCOTIA,8202251,50620,71395.0,YHZ,44.88,-63.51,445252000,-633031000,145.4,2012,2024,2012.0,2024.0,2012.0,2024.0,,
HALIFAX KOOTENAY,NOVA SCOTIA,8202252,43124,71326.0,AHK,44.59,-63.55,443515500,-633303000,52.0,2004,2024,2004.0,2024.0,2018.0,2024.0,,
HALIFAX WINDSOR PARK,NOVA SCOTIA,8202255,43403,71327.0,AHW,44.66,-63.61,443925000,-633632000,51.0,2004,2024,2004.0,2024.0,2018.0,2024.0,,
HART ISLAND (AUT),NOVA SCOTIA,8202318,7173,71419.0,WRN,45.35,-60.98,452100000,-605900000,8.2,1993,2024,1994.0,2024.0,1993.0,2024.0,,
INGONISH BEACH RCS,NOVA SCOTIA,8202502,30326,71027.0,XIB,46.66,-60.41,463946001,-602423000,10.0,2000,2024,2000.0,2024.0,2000.0,2024.0,2004.0,2007.0
KEJIMKUJIK 1,NOVA SCOTIA,8202592,6923,71599.0,WKG,44.4,-65.2,442411020,-651211070,125.0,1993,2024,1994.0,2024.0,1993.0,2024.0,1993.0,2007.0
KENTVILLE CDA CS,NOVA SCOTIA,8202810,27141,71671.0,XKT,45.07,-64.48,450400000,-642900000,48.7,1996,2024,1999.0,2024.0,1996.0,2024.0,1996.0,2007.0
LOUISBOURG,NOVA SCOTIA,8203163,54578,71596.0,AUU,45.92,-59.97,455516000,-595817000,15.0,2017,2024,2017.0,2024.0,2017.0,2024.0,,
LUNENBURG,NOVA SCOTIA,8203210,31829,,XLB,44.36,-64.3,442136094,-641746082,3.8,2002,2024,2002.0,2024.0,2005.0,2024.0,2007.0,2007.0
MALAY FALLS,NOVA SCOTIA,8203405,30668,73029.0,XMY,44.98,-62.48,445900000,-622900000,39.6,1999,2024,1999.0,2024.0,2000.0,2024.0,2000.0,2007.0
MARTOCK 35M,NOVA SCOTIA,8203428,49109,,AMB,44.94,-64.17,445612002,-641015005,35.0,2010,2011,2010.0,2011.0,,,,
MARTOCK 197M,NOVA SCOTIA,8203429,49108,,AMC,44.93,-64.16,445547007,-640946006,197.0,2010,2011,2010.0,2011.0,,,,
MCNABS ISLAND (AUT),NOVA SCOTIA,8203478,7169,,XMI,44.6,-63.53,443600000,-633200000,15.4,1999,2024,1999.0,2024.0,2005.0,2024.0,,
NAPPAN AUTO,NOVA SCOTIA,8203702,42083,71311.0,XNP,45.76,-64.24,454534400,-641429200,19.8,2003,2024,2003.0,2024.0,2003.0,2024.0,2005.0,2007.0
ALDERSVILLE,NOVA SCOTIA,8204020,55218,73081.0,ANR,44.83,-64.51,444936006,-643032005,237.0,2021,2024,2021.0,2024.0,2021.0,2024.0,,
NORTHEAST MARGAREE (AUT),NOVA SCOTIA,8204154,10661,73027.0,WNS,46.37,-60.98,462206090,-605833080,54.0,1994,2024,1994.0,2024.0,2017.0,2024.0,,
NORTH MOUNTAIN CS,NOVA SCOTIA,8204161,27592,71604.0,XNM,46.82,-60.67,464901000,-604020000,439.4,1998,2024,1998.0,2024.0,1998.0,2024.0,1998.0,2007.0
OSBORNE HEAD DND,NOVA SCOTIA,8204190,43404,71324.0,AOS,44.61,-63.42,443646002,-632523007,30.0,2004,2024,2004.0,2024.0,2018.0,2024.0,,
UPPER STEWIACKE RCS,NOVA SCOTIA,8204193,44363,71753.0,AOH,45.23,-63.06,451359000,-630319000,23.5,2005,2024,2005.0,2024.0,2005.0,2024.0,2005.0,2007.0
PARRSBORO,NOVA SCOTIA,8204402,43183,71493.0,APR,45.41,-64.35,452448012,-642046074,30.89,2004,2024,2004.0,2024.0,2004.0,2024.0,2004.0,2007.0
PORT HAWKESBURY A,NOVA SCOTIA,8204491,6442,,,45.65,-61.38,453900000,-612300000,114.9,1985,2004,1994.0,1997.0,1985.0,2004.0,1985.0,2004.0
PORT HAWKESBURY,NOVA SCOTIA,8204495,48668,71041.0,YPD,45.66,-61.37,453924000,-612205000,114.9,2010,2024,2010.0,2024.0,2010.0,2024.0,,
SABLE ISLAND,NOVA SCOTIA,8204700,6454,71600.0,ESA,43.93,-60.01,435556000,-600034000,5.0,1891,2017,1953.0,2016.0,1891.0,2017.0,1891.0,2007.0
SABLE ISLAND,NOVA SCOTIA,8204701,26864,,YSA,43.93,-60.0,435600000,-600000000,4.0,1995,2006,1995.0,1998.0,2002.0,2006.0,2002.0,2006.0
SABLE ISLAND A,NOVA SCOTIA,8204703,52202,71595.0,WSA,43.93,-59.96,435546000,-595735000,1.2,2014,2024,2014.0,2024.0,2014.0,2024.0,,
SABLE ISLAND,NOVA SCOTIA,8204708,54639,73025.0,ASB,43.93,-60.01,435553000,-600030000,1.2,2017,2024,2017.0,2024.0,2017.0,2024.0,,
ST PAUL ISLAND (AUT),NOVA SCOTIA,8204909,9033,71418.0,WEF,47.23,-60.14,471358002,-600840001,27.0,1993,2024,1994.0,2024.0,1993.0,2024.0,,
SHEARWATER A,NOVA SCOTIA,8205090,6465,71601.0,YAW,44.63,-63.5,443800000,-633000000,44.0,1944,2024,1953.0,2024.0,1944.0,2007.0,1944.0,2007.0
SHEARWATER AUTO,NOVA SCOTIA,8205091,27223,,WAW,44.64,-63.51,443811000,-633024000,53.0,1996,2010,1996.0,2010.0,1997.0,2010.0,2005.0,2007.0
SHEARWATER RCS,NOVA SCOTIA,8205092,47187,71264.0,AAW,44.63,-63.51,443747000,-633048000,24.0,2008,2024,2008.0,2024.0,2008.0,2024.0,,
SHEARWATER JETTY,NOVA SCOTIA,8205093,10945,71330.0,WZU,44.63,-63.52,443740000,-633124000,5.5,1994,2024,1994.0,2024.0,2018.0,2024.0,,
SHELBURNE SANDY POINT,NOVA SCOTIA,8205130,54603,73015.0,ESB,43.7,-65.32,434200000,-651900000,46.03,2018,2024,2018.0,2024.0,2018.0,2024.0,,
SYDNEY A,NOVA SCOTIA,8205700,6486,71707.0,YQY,46.17,-60.05,461000000,-600253300,61.9,1941,2014,1953.0,2014.0,1941.0,2014.0,1941.0,2014.0
SYDNEY A,NOVA SCOTIA,8205701,52518,71707.0,YQY,46.16,-60.05,460941000,-600253000,61.9,2014,2024,2014.0,2024.0,2014.0,2024.0,,
SYDNEY CS,NOVA SCOTIA,8205702,44503,71758.0,AQY,46.16,-60.04,460948000,-600230000,62.5,2006,2024,2006.0,2024.0,2006.0,2024.0,2006.0,2007.0
SYDNEY A,NOVA SCOTIA,8205703,54281,,YQY,46.16,-60.05,460941000,-600253000,61.9,2016,2024,2016.0,2024.0,2018.0,2024.0,,
TRACADIE,NOVA SCOTIA,8205895,41575,71308.0,XTD,45.61,-61.68,453630080,-614047020,66.67,2003,2024,2003.0,2024.0,2003.0,2024.0,2004.0,2007.0
TRENTON MUNICIPAL A,NOVA SCOTIA,8205950,27868,,YTN,45.61,-62.62,453641000,-623719000,97.23,1999,2005,1999.0,2000.0,1999.0,2005.0,1999.0,2005.0
TRURO (AUT),NOVA SCOTIA,8205992,7162,,WUR,45.37,-63.27,452200000,-631600000,39.9,1992,2005,1994.0,2005.0,1992.0,2005.0,,
WENTWORTH 66M,NOVA SCOTIA,8206226,49111,,AWW,45.61,-63.56,453645000,-633330006,66.0,2010,2011,2010.0,2011.0,,,,
WENTWORTH 280M,NOVA SCOTIA,8206227,49110,,AWT,45.61,-63.55,453623006,-633248000,280.0,2010,2011,2010.0,2011.0,,,,
WESTERN HEAD,NOVA SCOTIA,8206240,6501,71411.0,WWE,43.99,-64.66,435924070,-643951008,10.06,1959,2024,1959.0,2024.0,1959.0,2024.0,1959.0,2007.0
YARMOUTH RCS,NOVA SCOTIA,8206491,50408,71884.0,EQI,43.83,-66.09,434951010,-660517010,36.0,2012,2024,2012.0,2024.0,2012.0,2024.0,,
YARMOUTH A,NOVA SCOTIA,8206495,50133,71603.0,YQI,43.83,-66.09,434937000,-660517000,42.9,2012,2024,2012.0,2024.0,2012.0,2024.0,,
YARMOUTH A,NOVA SCOTIA,8206496,54284,,YQI,43.83,-66.09,434937000,-660517000,42.9,2016,2024,2016.0,2024.0,2018.0,2024.0,,
YARMOUTH A,NOVA SCOTIA,8206500,6516,,YQI,43.83,-66.09,434951000,-660519000,43.0,1940,2012,1953.0,2012.0,1940.0,2012.0,1940.0,2012.0
CHARLOTTETOWN A,PRINCE EDWARD ISLAND,8300300,6526,71706.0,YYG,46.29,-63.13,461719020,-630743070,48.8,1943,2012,1953.0,2012.0,1943.0,2012.0,1943.0,2012.0
CHARLOTTETOWN A,PRINCE EDWARD ISLAND,8300301,50621,71706.0,YYG,46.29,-63.12,461721000,-630709000,50.9,2012,2024,2012.0,2024.0,2012.0,2024.0,,
CONFEDERATION BRIDGE,PRINCE EDWARD ISLAND,8300412,27846,0.0,XBP,46.23,-63.73,461400000,-634400000,54.1,1999,2006,1999.0,2006.0,,,,
EAST POINT (AUT),PRINCE EDWARD ISLAND,8300418,7177,71412.0,WEP,46.46,-61.99,462736000,-615918000,7.7,1992,2024,1994.0,2024.0,1992.0,2024.0,2004.0,2007.0
NORTH CAPE,PRINCE EDWARD ISLAND,8300516,10814,71987.0,WNE,47.06,-64.0,470329000,-635955000,7.6,1994,2024,1994.0,2024.0,2002.0,2024.0,2005.0,2007.0
ST. PETERS,PRINCE EDWARD ISLAND,8300562,41903,71310.0,ZSP,46.45,-62.58,462701000,-623433000,29.7,2003,2024,2003.0,2024.0,2003.0,2024.0,2004.0,2007.0
STANHOPE,PRINCE EDWARD ISLAND,8300590,6545,,ANH,46.42,-63.08,462459000,-630459000,3.0,1961,2024,2013.0,2024.0,1961.0,2024.0,1961.0,2007.0
SUMMERSIDE,PRINCE EDWARD ISLAND,8300596,10800,71702.0,WSD,46.44,-63.84,462628000,-635017000,12.2,1994,2024,1994.0,2024.0,1999.0,2024.0,2004.0,2007.0
SUMMERSIDE A,PRINCE EDWARD ISLAND,8300700,6547,,YSU,46.44,-63.83,462620000,-634954000,19.5,1942,2002,1953.0,2001.0,1942.0,2002.0,1942.0,2002.0
MAPLE PLAINS,PRINCE EDWARD ISLAND,8305500,31029,,XMP,46.3,-63.58,461810080,-633432040,45.7,2001,2024,2001.0,2024.0,2004.0,2024.0,2004.0,2007.0
HARRINGTON CDA CS,PRINCE EDWARD ISLAND,830P001,30308,71350.0,AHR,46.34,-63.17,462037020,-631011050,53.0,2000,2024,2004.0,2024.0,2000.0,2024.0,2000.0,2007.0
ARGENTIA A,NEWFOUNDLAND,8400100,6556,,,47.3,-54.0,471800000,-540000000,13.7,1945,1970,1953.0,1970.0,1945.0,1970.0,1945.0,1970.0
ARGENTIA A,NEWFOUNDLAND,8400102,6557,,,47.3,-54.0,471800000,-540000000,15.5,1976,1986,1976.0,1986.0,1976.0,1986.0,1976.0,1986.0
ARGENTIA (AUT),NEWFOUNDLAND,8400104,10113,71807.0,WAR,47.31,-54.0,471838278,-535953423,9.46,1987,2024,1987.0,2024.0,1992.0,2024.0,2004.0,2007.0
BADGER (AUT),NEWFOUNDLAND,8400301,6561,71400.0,WDI,48.97,-56.07,485800000,-560400000,102.7,1973,2024,1986.0,2024.0,1973.0,2024.0,1973.0,2007.0
ST ALBAN'S,NEWFOUNDLAND,8400416,55398,73051.0,AAB,47.86,-55.86,475127828,-555140043,185.2,2022,2024,2022.0,2024.0,2022.0,2024.0,,
BERRY HILL,NEWFOUNDLAND,8400506,55298,71588.0,XRH,49.62,-57.92,493711005,-575509005,122.0,2021,2024,2021.0,2024.0,2021.0,2024.0,,
BONAVISTA,NEWFOUNDLAND,8400600,6576,,WVA,48.67,-53.11,484002000,-530651000,25.6,1956,2006,1959.0,2006.0,1956.0,2006.0,1956.0,2006.0
BONAVISTA,NEWFOUNDLAND,8400601,45047,71178.0,AVA,48.67,-53.11,484002000,-530651000,25.6,2006,2024,2006.0,2024.0,2006.0,2024.0,2006.0,2007.0
BUCHANS A,NEWFOUNDLAND,8400700,6581,,,48.85,-56.83,485100000,-565000000,276.1,1943,1965,1953.0,1965.0,1943.0,1965.0,1943.0,1965.0
BURGEO 2,NEWFOUNDLAND,8400800,6584,,WBF,47.62,-57.62,473700000,-573700000,10.6,1939,2006,1994.0,2006.0,1939.0,2006.0,1939.0,2006.0
BURGEO NL,NEWFOUNDLAND,8400801,45287,71152.0,ABF,47.62,-57.62,473700000,-573700000,10.6,2006,2024,2006.0,2024.0,2006.0,2024.0,2006.0,2007.0
CAPE RACE (AUT),NEWFOUNDLAND,8401000,6590,71800.0,WRA,46.66,-53.08,463936000,-530435000,26.5,1920,2024,1953.0,2024.0,1920.0,2024.0,1920.0,2007.0
CONNE RIVER (AUT),NEWFOUNDLAND,8401267,10860,,WFY,48.17,-55.48,481000000,-552900000,182.9,1994,1999,1994.0,1999.0,,,,
CORMACK RCS,NEWFOUNDLAND,8401295,50677,71367.0,ACM,49.32,-57.39,491919031,-572336010,165.8,2012,2024,2012.0,2024.0,2012.0,2024.0,,
CORNER BROOK,NEWFOUNDLAND,8401298,6933,71973.0,WKB,48.93,-57.92,485600000,-575500000,151.8,1993,2024,1994.0,2024.0,1993.0,2024.0,1993.0,2007.0
DANIELS HARBOUR,NEWFOUNDLAND,8401400,6613,71185.0,WDH,50.24,-57.58,501411000,-573452000,19.0,1946,2018,1953.0,2018.0,1946.0,2018.0,1946.0,2007.0
DANIEL'S HARBOUR,NEWFOUNDLAND,8401405,54638,73024.0,ADL,50.24,-57.58,501409000,-573451000,19.0,2018,2024,2018.0,2024.0,2018.0,2024.0,,
DEER LAKE A,NEWFOUNDLAND,8401501,6615,71809.0,YDF,49.22,-57.4,491300000,-572400000,21.9,1965,2012,1965.0,2012.0,1965.0,2012.0,1965.0,2008.0
DEER LAKE A,NEWFOUNDLAND,8401502,50068,71809.0,YDF,49.21,-57.39,491233000,-572340000,21.9,2012,2024,2012.0,2024.0,2012.0,2024.0,,
ENGLEE (AUT),NEWFOUNDLAND,8401538,10251,71417.0,WDA,50.72,-56.11,504316000,-560646000,30.3,1993,2024,1994.0,2024.0,1993.0,2024.0,2005.0,2007.0
FEROLLE POINT (AUT),NEWFOUNDLAND,8401565,9034,71406.0,WXI,51.02,-57.1,510121310,-570542250,9.06,1993,2024,1994.0,2024.0,1993.0,2024.0,2005.0,2007.0
GANDER INT'L A,NEWFOUNDLAND,8401700,6633,71803.0,YQX,48.95,-54.58,485647000,-543437000,151.2,1937,2012,1953.0,2012.0,1937.0,2012.0,1937.0,2012.0
GANDER INTL A,NEWFOUNDLAND,8401703,50088,71803.0,YQX,48.94,-54.57,485613000,-543405000,151.2,2012,2024,2012.0,2024.0,2012.0,2024.0,,
GANDER AIRPORT CS,NEWFOUNDLAND,8401705,30346,71742.0,XGD,48.95,-54.57,485646000,-543401000,151.0,2005,2024,2005.0,2024.0,2005.0,2024.0,2005.0,2007.0
GBS PLATFORM,NEWFOUNDLAND,8401760,26832,,WZY,47.82,-53.87,474900000,-535200000,,1995,1997,1995.0,1997.0,,,,
GREY RIVER (AUT),NEWFOUNDLAND,84020NP,10662,,WGC,47.75,-56.93,474500000,-565600000,13.7,1994,1998,1994.0,1998.0,,,,
LA SCIE,NEWFOUNDLAND,8402520,6668,71337.0,WAG,49.92,-55.67,495500000,-554000000,194.0,1984,2024,1984.0,2024.0,1984.0,2024.0,1984.0,2007.0
MILLERTOWN RCS,NEWFOUNDLAND,8402757,50678,71856.0,AMR,48.82,-56.54,484900119,-563236695,203.6,2013,2024,2013.0,2024.0,2013.0,2024.0,,
PORT AUX BASQUES,NEWFOUNDLAND,8402975,6693,71197.0,WZB,47.57,-59.15,473426000,-590917000,39.7,1909,2017,1966.0,2017.0,1909.0,2017.0,1909.0,2007.0
PORT AUX BASQUES 3,NEWFOUNDLAND,8402977,10809,,WOF,47.57,-59.17,473400000,-591000000,40.2,1994,1998,1994.0,1998.0,,,,
PORT AUX BASQUES,NEWFOUNDLAND,8402980,54640,73026.0,APB,47.57,-59.15,473426000,-590917000,39.7,2017,2024,2017.0,2024.0,2017.0,2024.0,,
ROCKY HARBOUR CS,NEWFOUNDLAND,8403097,6938,71588.0,XRH,49.57,-57.88,493412000,-575240000,67.7,1993,2021,1999.0,2021.0,1993.0,2021.0,1993.0,2007.0
SAGONA ISLAND,NEWFOUNDLAND,8403255,8991,71408.0,WZN,47.37,-55.79,472204000,-554741000,59.7,1993,2024,1994.0,2024.0,1993.0,2024.0,,
ST. ANTHONY A,NEWFOUNDLAND,8403389,48348,71819.0,YAY,51.39,-56.07,512331000,-560408000,32.9,2009,2024,2009.0,2024.0,2009.0,2024.0,,
ST ANTHONY,NEWFOUNDLAND,8403399,27205,71558.0,WDW,51.38,-56.1,512300000,-560600000,29.3,1996,2024,1996.0,2024.0,1999.0,2024.0,2006.0,2007.0
ST ANTHONY A,NEWFOUNDLAND,8403402,6712,,,51.4,-56.08,512400000,-560500000,28.0,1966,1987,1966.0,1987.0,1966.0,1970.0,1966.0,1970.0
ST ANTHONY AWOS,NEWFOUNDLAND,8403403,47507,71819.0,YAY,51.38,-56.1,512300000,-560600000,32.9,2008,2014,2008.0,2009.0,2009.0,2014.0,,
ST. JOHN'S INTL A,NEWFOUNDLAND,8403505,50089,71801.0,YYT,47.62,-52.75,473707000,-524509000,140.5,2012,2024,2012.0,2024.0,2012.0,2024.0,,
ST JOHN'S A,NEWFOUNDLAND,8403506,6720,71801.0,YYT,47.62,-52.74,473720000,-524434000,140.5,1942,2012,1953.0,2012.0,1942.0,2012.0,1942.0,2012.0
ST JOHNS WEST CLIMATE,NEWFOUNDLAND,8403603,48871,71250.0,AJW,47.51,-52.78,473048080,-524700020,110.0,2010,2024,2010.0,2024.0,2010.0,2024.0,,
ST JOHN'S WEST CDA CS,NEWFOUNDLAND,8403605,27115,,XSW,47.52,-52.78,473056000,-524705000,114.0,1996,2013,1999.0,2013.0,1996.0,2007.0,1996.0,2007.0
ST LAWRENCE,NEWFOUNDLAND,8403616,27621,,WDS,46.92,-55.38,465500000,-552300000,48.5,1994,2006,1998.0,2006.0,1994.0,2006.0,2004.0,2006.0
ST LAWRENCE,NEWFOUNDLAND,8403619,45567,71110.0,ADS,46.92,-55.38,465500000,-552300000,48.5,2006,2024,2006.0,2024.0,2006.0,2024.0,2006.0,2007.0
SALMONIER NATURE PARK,NEWFOUNDLAND,8403622,30766,,XSA,47.26,-53.29,471549000,-531711000,135.8,2001,2007,,,2001.0,2007.0,2001.0,2007.0
STEPHENVILLE A,NEWFOUNDLAND,8403800,6740,71815.0,YJT,48.53,-58.55,483200000,-583300000,24.7,1942,2014,1953.0,2014.0,1942.0,2014.0,1942.0,2014.0
STEPHENVILLE A,NEWFOUNDLAND,8403801,52759,71815.0,YJT,48.54,-58.55,483229000,-583300000,24.7,2014,2024,2014.0,2024.0,2014.0,2024.0,,
STEPHENVILLE RCS,NEWFOUNDLAND,8403820,47607,71159.0,AJT,48.56,-58.57,483341000,-583358000,58.0,2008,2024,2008.0,2024.0,2008.0,2024.0,,
TERRA NOVA NAT PARK CS,NEWFOUNDLAND,8403851,27142,71589.0,XTP,48.56,-53.97,483325000,-535828000,106.7,1996,2024,1999.0,2024.0,1996.0,2024.0,1996.0,2007.0
TWILLINGATE (AUT),NEWFOUNDLAND,8404025,7083,71402.0,WDO,49.68,-54.8,494100000,-544800000,92.3,1993,2024,1994.0,2024.0,1993.0,2024.0,2004.0,2007.0
WINTERLAND,NEWFOUNDLAND,8404241,27712,71181.0,XWT,47.14,-55.33,470811000,-551939000,29.26,1999,2018,1999.0,2018.0,1999.0,2018.0,2005.0,2007.0
WINTERLAND BRANCH HILL,NEWFOUNDLAND,8404242,54898,73080.0,ABH,47.14,-55.33,470810000,-551941000,29.26,2018,2024,2018.0,2024.0,2018.0,2024.0,,
WRECKHOUSE,NEWFOUNDLAND,8404340,29471,,XWR,47.71,-59.31,474242000,-591830000,31.7,2000,2006,2000.0,2006.0,2000.0,2006.0,,
WRECKHOUSE,NEWFOUNDLAND,8404343,45307,71180.0,AWR,47.71,-59.31,474242000,-591830000,31.7,2006,2024,2006.0,2024.0,2006.0,2024.0,2006.0,2007.0
GRATES COVE,NEWFOUNDLAND,840B053,10818,71336.0,WVW,48.17,-52.94,481019000,-525621000,46.2,1994,2024,1994.0,2024.0,2002.0,2024.0,2004.0,2004.0
POOLS ISLAND,NEWFOUNDLAND,840BR7C,10817,71931.0,WYI,49.11,-53.58,490644000,-533452000,19.3,1994,2024,1994.0,2024.0,2005.0,2024.0,,
ST ANTHONY A,NEWFOUNDLAND,840C401,10228,71819.0,YAY,51.38,-56.1,512300000,-560600000,32.9,1987,2014,1987.0,2009.0,1993.0,2014.0,2001.0,2008.0
ST. ANTHONY LWIS,NEWFOUNDLAND,840D401,30622,71830.0,AAY,51.39,-56.09,512326000,-560508000,33.0,2000,2010,2009.0,2010.0,2000.0,2009.0,,
MARTICOT ISLAND,NEWFOUNDLAND,840KN90,10909,71692.0,WTM,47.33,-54.59,471942003,-543507001,21.8,1994,2024,1994.0,2024.0,2005.0,2024.0,,
ST SHOTTS (AUT),NEWFOUNDLAND,840L617,10854,,WFH,46.71,-53.49,464232000,-532924000,142.5,1994,1999,1994.0,1999.0,,,,
LONG POND,NEWFOUNDLAND,840N001,27286,,WWU,47.52,-52.98,473057000,-525849000,12.5,1997,2015,1997.0,2015.0,,,,
ALEXIS RIVER (AUT),NEWFOUNDLAND,8500036,10729,,WXW,52.65,-56.87,523900000,-565200000,48.3,1994,1999,1994.0,1999.0,,,,
BIG BAY,NEWFOUNDLAND,8500536,54780,73234.0,LAB,55.74,-60.43,554420000,-602547000,249.5,2021,2023,2021.0,2023.0,2021.0,2023.0,,
CAPE KAKKIVIAK,NEWFOUNDLAND,8500920,10836,71176.0,WKW,59.99,-64.17,595906000,-640954000,551.1,1994,2018,1994.0,2018.0,1994.0,2018.0,,
CAPE KIGLAPAIT,NEWFOUNDLAND,8500926,10841,71177.0,WYK,57.14,-61.48,570809000,-612832000,834.1,1994,2017,1994.0,2017.0,1994.0,2017.0,,
CARTWRIGHT,NEWFOUNDLAND,8501100,6773,71818.0,WCA,53.71,-57.04,534230000,-570206000,14.3,1934,2015,1953.0,2015.0,1934.0,2015.0,1934.0,2015.0
CARTWRIGHT A,NEWFOUNDLAND,8501101,53578,,WCA,53.68,-57.04,534057000,-570231000,14.3,2015,2018,2015.0,2018.0,2015.0,2018.0,,
CARTWRIGHT A,NEWFOUNDLAND,8501106,53958,71818.0,YCA,53.68,-57.04,534057000,-570231000,14.3,2015,2024,2015.0,2024.0,2018.0,2024.0,,
CHURCHILL FALLS,NEWFOUNDLAND,8501130,10887,,AFL,53.56,-64.09,533328000,-640538000,439.5,1992,2021,1994.0,2021.0,1992.0,2021.0,2006.0,2007.0
CHURCHILL FALLS A,NEWFOUNDLAND,8501131,49629,71002.0,ZUM,53.56,-64.11,533343000,-640623000,439.5,2011,2024,2011.0,2024.0,2011.0,2024.0,,
CHURCHILL FALLS A,NEWFOUNDLAND,8501132,6774,,,53.55,-64.1,533300000,-640600000,439.5,1968,1993,1968.0,1993.0,1968.0,1993.0,1969.0,1993.0
CHURCHILL FALLS,NEWFOUNDLAND,8501136,55518,73122.0,AFL,53.56,-64.09,533328800,-640538400,439.5,2023,2024,2023.0,2024.0,2023.0,2024.0,,
GOOSE BAY A,NEWFOUNDLAND,8501900,6777,71816.0,YYR,53.32,-60.42,531900000,-602500000,48.8,1941,2024,1953.0,2024.0,1941.0,2024.0,1941.0,2017.0
HAPPY VALLEY GOOSE BAY,NEWFOUNDLAND,8501915,55078,73120.0,AHV,53.41,-60.56,532423099,-603338099,38.0,2020,2024,2020.0,2024.0,2020.0,2024.0,,
HOPEDALE (AUT),NEWFOUNDLAND,8502400,6781,71900.0,WHO,55.45,-60.22,552700000,-601300000,11.9,1942,2024,1953.0,2024.0,1942.0,2024.0,1942.0,2007.0
LITTLE MECATINA RIVER (AUT),NEWFOUNDLAND,8502561,10862,,WFU,52.23,-61.32,521400000,-611900000,321.0,1994,1999,1994.0,1999.0,,,,
MAKKOVIK A,NEWFOUNDLAND,8502580,53506,,YFT,55.08,-59.19,550438000,-591116000,70.4,2015,2024,2015.0,2024.0,2018.0,2024.0,,
MAKKOVIK A,NEWFOUNDLAND,8502588,53505,,YFT,55.08,-59.19,550438000,-591116000,70.4,2015,2024,2015.0,2024.0,,,,
MARY'S HARBOUR A,NEWFOUNDLAND,8502590,51999,,YMH,52.3,-55.85,521810000,-555052000,10.7,2013,2015,2013.0,2015.0,,,,
MARY'S HARBOUR A,NEWFOUNDLAND,8502591,6783,71817.0,YMH,52.3,-55.83,521813000,-555001000,10.6,1983,2013,1983.0,2013.0,1983.0,2013.0,1983.0,1998.0
MARY'S HARBOUR A,NEWFOUNDLAND,8502592,51918,71339.0,YMH,52.3,-55.85,521810000,-555052000,10.6,2013,2024,2013.0,2024.0,2013.0,2024.0,,
NAIN,NEWFOUNDLAND,8502799,10813,71665.0,WFP,56.55,-61.68,563300000,-614100000,7.6,1994,2024,1994.0,2024.0,2004.0,2024.0,2004.0,2007.0
NAIN A,NEWFOUNDLAND,8502800,6787,71902.0,YDP,56.55,-61.68,563300000,-614100000,6.4,1926,2015,1984.0,2015.0,1926.0,2015.0,1927.0,2012.0
NAIN A,NEWFOUNDLAND,8502801,53507,71902.0,YDP,56.55,-61.68,563302000,-614056000,6.4,2015,2024,2015.0,2024.0,2015.0,2018.0,,
NAIN A,NEWFOUNDLAND,8502810,53502,,YDP,56.55,-61.68,563302000,-614056000,6.4,2015,2024,2015.0,2024.0,2018.0,2024.0,,
MAKKOVIK A,NEWFOUNDLAND,8502NHR,6778,,YFT,55.08,-59.19,550456000,-591119000,70.4,1985,2015,1985.0,2015.0,1986.0,2015.0,1986.0,2006.0
SAGLEK,NEWFOUNDLAND,8503249,6797,71335.0,WZZ,58.48,-62.59,582900000,-623508000,488.0,1989,2023,1989.0,2023.0,1989.0,2023.0,1989.0,1993.0
SAGLEK A,NEWFOUNDLAND,8503252,10230,,,58.47,-62.65,582828000,-623917000,82.9,1991,1994,1991.0,1994.0,,,,
TUKIALIK BAY,NEWFOUNDLAND,8503992,10837,71179.0,WTU,54.72,-58.36,544257000,-582128000,682.6,1994,2018,1994.0,2018.0,1994.0,2018.0,,
TWIN FALLS A,NEWFOUNDLAND,8504060,6801,,,53.63,-64.48,533800000,-642900000,456.9,1967,1968,,,1967.0,1968.0,1967.0,1968.0
WABUSH LAKE A,NEWFOUNDLAND,8504175,6802,71825.0,YWK,52.93,-66.87,525538000,-665227000,551.38,1960,2013,1961.0,2013.0,1960.0,2013.0,1960.0,2008.0
WABUSH A,NEWFOUNDLAND,8504176,51057,,YWK,52.92,-66.86,525522000,-665153000,551.4,2013,2024,2013.0,2024.0,2013.0,2014.0,,
WABUSH A,NEWFOUNDLAND,8504177,52541,71825.0,YWK,52.92,-66.86,525522000,-665153000,551.4,2014,2024,2014.0,2024.0,2014.0,2024.0,,
MARY'S HARBOUR,NEWFOUNDLAND,850B5R1,10227,71339.0,YMH,52.3,-55.83,521813000,-554957000,11.6,1992,2014,1994.0,2014.0,1992.0,2013.0,2005.0,2007.0
